Project Code,Project Sub-Code,Project Name,Project Type,Responsible Division,Plot Number,KPI Completed,Project Status,Contract Amount,Contract Status,Work Programme,Latitude,Longitude,Project Manager Email,Area Manager Email,Date Project Awarded,Workmanship only?,Advnace Payment Required,Client Name,Consultant Name,First Party name,Virtual Material Value
P21-20,,ALPAGO Palm Jumeirah,"Enabling Works, Shoring Works, Piling Works, Soil Improvement Works, Marine Works, Testing Works, Others",Enabling Division,,TRUE,Completed,"7,638,540.00",Signed,Approved,25.1076029,55.1435957,Planning@rabatpfc.com,Planning@rabatpfc.com,,Full Package,FALSE,,,,
P230,,Alfa - Al Wasl,Shoring Works,Enabling Division,,TRUE,Completed,"300,000.00",Signed,Approved,,,Planning@rabatpfc.com,Planning@rabatpfc.com,,Full Package,FALSE,,,,
P248,,Rumaysa - Dubai Hills,Shoring Works,Enabling Division,,TRUE,Completed,"801,000.00",Signed,Approved,,,Planning@rabatpfc.com,Planning@rabatpfc.com,,Full Package,FALSE,,,,
P258,,Accord-Dubai Hills,Shoring Works,Enabling Division,,TRUE,Completed,"298,275.00",Signed,Approved,,,Planning@rabatpfc.com,Planning@rabatpfc.com,,Full Package,FALSE,,,,
P302,,Azizi - Reviera - CP 12 & 15,Shoring Works,Enabling Division,,TRUE,Completed,"3,790,550.00",Signed,Approved,25.172512,55.3152353,Planning@rabatpfc.com,Planning@rabatpfc.com,,Full Package,FALSE,Meydan,360 Degree Architectural Design Consultancy , Azizi Developments,
P304,,SOBHA - Crest Vista,"Shoring Works, Piling Works",Enabling Division,,TRUE,Completed,"3,459,773.57",Signed,Approved,25.1788194,55.3009662,Planning@rabatpfc.com,Planning@rabatpfc.com,,Full Package,FALSE,PNC Investments,PNC Architects,Sobha Constructions L.L.C,
P306,,A&M - Plaza B15 - Masdar City,Piling Works,Enabling Division,,TRUE,Completed,"1,500,000.00",Signed,Approved,24.4339178,54.6224247,Planning@rabatpfc.com,Planning@rabatpfc.com,,Full Package,FALSE, Masdar - A Mubadala Company, Al Reem Engineering Consultancy LLC ,A&M INTERNATIONAL GEN. CONTRACTING L.L.C,
P307,,PSE - THOE,Testing Works,Enabling Division,,TRUE,Completed,"275,625.00",Signed,Approved,25.2300544,55.1595898,Planning@rabatpfc.com,Planning@rabatpfc.com,,Full Package,FALSE,The Heart of Europe, Fakhry Engineering Consultancy,PSE BUILDING CONTRACTING LLC,
P308,,Granada Europe - Royale - Business Bay,Shoring Works,Enabling Division,,TRUE,Completed,"72,450.00",Signed,Approved,25.188436,55.280143,Planning@rabatpfc.com,Planning@rabatpfc.com,,Full Package,FALSE,Binghatti Properties Investment Limited,Silver Stone Engineering Consultants,Granada Europe Consturction LLC,
P309,,SOBHA - CM Villa,Piling Works,Enabling Division,,TRUE,Completed,"836,248.00",Signed,Approved,25.1738491,55.3287207,Planning@rabatpfc.com,Planning@rabatpfc.com,,Full Package,FALSE,PNC Investments Ltd.,PNC Architects,Sobha Constructions L.L.C,
P310,,High Deep - Al Wasl,Soil Improvement Works,Soil Improvement Division,,TRUE,Cancelled,"349,500.00",Signed,Approved,25.1888485,55.2491027,Planning@rabatpfc.com,Planning@rabatpfc.com,,Full Package,FALSE,Government of Dubai - Knowledge Fund Establishment," Al Hashemi Planners, ARCH., ENGRS.",High Deep Foundation Contracting,
P311,,Future Art - Al Murar,"Enabling Works, Shoring Works",Enabling Division,1170906,TRUE,Completed,"4,350,000.00",Signed,Approved,25.188855,55.2487769,ahmed.abdelhady@rabatpfc.com,abdulhamid.bakr@rabatpfc.com,,Full Package,FALSE,Mr. Mohammad Bin Alshikh Mejren Sultan Almarri,Future Art Engineering Consultancy.,Future Art Engineering Consultancy.,
P312,,ECC-Barsha South First,Soil Improvement Works,Soil Improvement Division,,TRUE,Completed,"554,400.00",Signed,Approved,25.0657858,55.2168713,Planning@rabatpfc.com,Planning@rabatpfc.com,,Full Package,FALSE,AURORA Real Estate, Al Wasl Al Jadeed Consultants, Engineering Contracting Co. LLC,
P313,,Al Saari - Jumeirah First,Shoring Works,Enabling Division,,TRUE,Completed,"185,500.00",Signed,Approved,25.227731,55.250543,Planning@rabatpfc.com,Planning@rabatpfc.com,,Full Package,FALSE,La Mer Estate,MAPLE Engineering Consultant, Alsaari Building Contracting,
P314,,Arifco - Nadd Al Sheba,Shoring Works,Enabling Division,,TRUE,Cancelled,"90,000.00",Signed,Approved,25.1366932,55.3150063,Planning@rabatpfc.com,Planning@rabatpfc.com,,Full Package,FALSE,MR. AL ANOOD A RAHMAN MOHAMMED,BINCHY AND BINCHY,ARIFCO BUILDING CONTRACTING,
P315,,Palace - Lamer,Shoring Works,Enabling Division,,TRUE,Cancelled,"429,500.00",,,,,Planning@rabatpfc.com,Planning@rabatpfc.com,,Full Package,FALSE,Mr. Wissam Wafaa El Damaa,UNICA Architects,Palace Group LLC,
P316,,Buhaleeba - Maritime,Shoring Works,Enabling Division,,TRUE,Completed,"750,000.00",Signed,Approved,25.2659418,55.2666486,Planning@rabatpfc.com,Planning@rabatpfc.com,,Full Package,FALSE,Vakson Freehold Properties,Khatib & Alami, Buhaleeba Contracting,
P317,,Surti - Jebal Ali,Shoring Works,Enabling Division,,TRUE,Completed,"155,000.00",Signed,Approved,24.9912766,55.1368663,Planning@rabatpfc.com,Planning@rabatpfc.com,,Full Package,FALSE,Mr. Mohammed Abdalla Mahmoud Hassan Al Ali, Al Anwar Architectural Engineering Consultants, Al Anwar Architectural Engineering Consultants,
P318,,ACE Piling - Fujairah,Piling Works,Enabling Division,,TRUE,Completed,"40,000.00",Signed,Approved,25.22722,55.249683,Planning@rabatpfc.com,Planning@rabatpfc.com,,Full Package,FALSE,Mr. Naif Ahmed A Alsedais,N A Q S H Architectural & Engineering Consultancy, A C E PILING AND FOUNDATIONS LLC,
P319,,Nama - Jumeirah First,Shoring Works,Enabling Division,,TRUE,Completed,"329,750.00",Signed,Approved,25.227271,55.250002,Planning@rabatpfc.com,Planning@rabatpfc.com,,Full Package,FALSE,Mr. Naif Ahmed A Alsedais,Naqsh Architectural Engineering Consultancy,Nama for Building Contracting Co.,
P320,,Granada - Binghatti Orchid -  Al Barsha South Fourth,Shoring Works,Enabling Division,,TRUE,Completed,"270,900.00",Signed,Approved,25.0609765,55.202666,Planning@rabatpfc.com,Planning@rabatpfc.com,,Full Package,FALSE,Binghatti Properties Investment Limited,Silver Stone Engineering Consultants,Granada Europe Consturction LLC,
P321,,ECC - Jumeirah First,Shoring Works,Enabling Division,,TRUE,Completed,"279,500.00",Signed,Approved,25.226505,55.250349,Planning@rabatpfc.com,Planning@rabatpfc.com,,Full Package,FALSE,Mr. Rechard Theodore Hadjmegrian,Emkaan Architecture Engineering,ECC Fit Out Construction LLC,
P322,,Granada Europe - Binghatti Onyx - Al Barsha South Fourth,Piling Works,Enabling Division,,TRUE,Completed,"865,978.00",Signed,Approved,25.0612776,55.1984915,Planning@rabatpfc.com,Planning@rabatpfc.com,,Full Package,FALSE,Binghatti Properties Investment Limited,Silver Stone Engineering Consultants,Granada Europe Consturction LLC,
P323,,ZAS - Jumeirah Second,Shoring Works,Enabling Division,,TRUE,Completed,"180,000.00",Signed,Approved,25.1914672,55.2375703,Planning@rabatpfc.com,Planning@rabatpfc.com,,Full Package,FALSE,Mr. Mohammad Zuhair Abduljalil Yousuf Darwish, bmastudio,ZAS Group of Companies,
P324,,Emaar - Golf Grand - Dubai Hills,"Enabling Works, Shoring Works",Enabling Division,,TRUE,Completed,"4,225,043.00",Signed,Approved,25.122503,55.259873,Planning@rabatpfc.com,Planning@rabatpfc.com,,Full Package,FALSE, EMAAR, DUBAI CONSULTANTS, EMAAR,
P325,,A&M - C47 Abu Dhabi,Shoring Works,Enabling Division,,TRUE,Cancelled,"650,048.00",Signed,Approved,24.4798308,54.3718629,Planning@rabatpfc.com,Planning@rabatpfc.com,,Full Package,FALSE,Mr. Mubarak Sultan Rashed Alkhyeli,Architectural Engineering Consultants,A&M INTERNATIONAL GEN. CONTRACTING L.L.C,
P326,,Obaidulla - Al Khawaneej,Shoring Works,Enabling Division,,TRUE,Cancelled,"380,000.00",Signed,Approved,25.2447589,55.4960448,Planning@rabatpfc.com,Planning@rabatpfc.com,,Full Package,FALSE,Mr. Abul Rahman Mohammed Hussain Al Shebani, ICONIC Architectural & Engineering Consultants,Obaidulla Contracting Est.,
P327,,Sobha Mosque,"Shoring Works, Piling Works",Enabling Division,,TRUE,Cancelled,"492,425.00",Signed,Approved,25.1778671,55.313484,Planning@rabatpfc.com,Planning@rabatpfc.com,,Full Package,FALSE, Sobha Capital L.L.C,PNC Architects, Sobha Constructions L.L.C,
P328,,A&M - Tristar Office Building  Masdar City - Abu Dhabi,"Shoring Works, Piling Works",Enabling Division,,TRUE,Cancelled,"2,130,000.00",Signed,Approved,25.2248064,55.3484288,Planning@rabatpfc.com,Planning@rabatpfc.com,,Full Package,FALSE,Tristar Real Estate, EHAF Consulting Engineers,A&M International General Contracting LLC,
P329,,Corinthia - Palm Jumeirah,Shoring Works,Enabling Division,,TRUE,Completed,"378,200.00",Signed,Approved,25.1174746,55.1306765,Planning@rabatpfc.com,Planning@rabatpfc.com,,Full Package,FALSE,CORINTHIA REAL ESTATE DEVELOPMENT L.L.C,Al Manhal Engineering Consultants,CORINTHIA REAL ESTATE DEVELOPMENT L.L.C,
P330,,Granada Europe- Binghatti Gardenia-Al Barsha South Fourth,Piling Works,Enabling Division,,TRUE,Completed,"457,770.00",Signed,Approved,25.0588988,55.2125997,Planning@rabatpfc.com,Planning@rabatpfc.com,,Full Package,FALSE,Binghatti Properties Investment Limited,Silver Stone Engineering Consultants,Granada Europe Consturction LLC,
P331,,Granada Europe-Binghatti Venus-JVC,"Shoring Works, Piling Works",Enabling Division,,TRUE,Completed,"351,077.00",Signed,Approved,25.0474295,55.2097647,Planning@rabatpfc.com,Planning@rabatpfc.com,,Full Package,FALSE,Binghatti Properties Investment Limited,Silver Stone Engineering Consultants,Granada Europe Consturction LLC,
P332,,Block and Block - Wadi Al Safa 3,Shoring Works,Enabling Division,,TRUE,Completed,"1,400,000.00",Signed,Approved,25.098349,55.303853,Planning@rabatpfc.com,Planning@rabatpfc.com,,Full Package,FALSE,Premier Invest Holdings Limited,Image Engineering Consultant,Block on Block Building Contracting LLC,
P333,,Granada Europe- Binghatti Amber,Piling Works,Enabling Division,,TRUE,Completed,"740,500.00",Signed,Approved,25.0626273,55.2094281,Planning@rabatpfc.com,Planning@rabatpfc.com,,Full Package,FALSE,Binghatti Properties Investment Limited,Silver Stone Engineering Consultants,Granada Europe Consturction LLC,
P334,,Palace - Al Safouh,"Shoring Works, Soil Improvement Works",Enabling Division,,TRUE,Completed,"1,586,000.00",Signed,Approved,25.1272622,55.1861163,Planning@rabatpfc.com,Planning@rabatpfc.com,,Full Package,FALSE,Mr.Sheikh Rashed Al Nuaimi, Rafik El-Khoury & Partners - Eng. Adnan Saffarini - Chakib Richani,Palace Group LLC,
P335,,NCC - Pits,Shoring Works,Enabling Division,,TRUE,Completed,"900,000.00",Signed,Approved,25.2106258,55.4782497,Planning@rabatpfc.com,Planning@rabatpfc.com,,Full Package,FALSE,Dubai Municipality,Stantec, Nael Construction & Contracting,
P336,,A&M - Plaza 2,"Shoring Works, Piling Works",Enabling Division,,TRUE,Cancelled,"1,927,020.00",Signed,Approved,24.4704689,54.4370395,Planning@rabatpfc.com,Planning@rabatpfc.com,,Full Package,FALSE,Reportage Prime Properties,Al Reem Engineering Consultancy LLC , A&M International General Contracting. L.L.C.,
P337,,Tiger - Al Barsha,Shoring Works,Enabling Division,,TRUE,Cancelled,"106,000.00",Signed,Approved,25.0550034,55.1932946,Planning@rabatpfc.com,Planning@rabatpfc.com,,Full Package,FALSE, Mr. Waleed Mohammad Mohammad,Al Majal Engineering Consultants,Tiger Group,
P338,,Jeikor - Jumeirah 1st,Shoring Works,Enabling Division,,TRUE,Completed,"610,205.00",Signed,Approved,25.2441858,55.2569324,Planning@rabatpfc.com,Planning@rabatpfc.com,,Full Package,FALSE,Mr.Saadi Waheeb Saihood Saihood,CONSULTANT H S S,Jeikor Contracting L.L.C,
P339,,Basmah-Al Jaddaf,"Shoring Works, Soil Improvement Works",Enabling Division,,TRUE,Completed,"1,625,000.00",Signed,Approved,25.227544,55.3360095,Planning@rabatpfc.com,Planning@rabatpfc.com,,Full Package,FALSE,KASCO Properties DMCC,Basmah Engineering Consultants,Basmah Engineering Consultants,
P340,,Urban Habitat - Umm Al Shief,Shoring Works,Enabling Division,,TRUE,Completed,"1,350,000.00",Signed,Approved,25.1276882,55.1994593,Planning@rabatpfc.com,Planning@rabatpfc.com,,Full Package,FALSE,Mr. Khalifa Ali Obaid Binghunaim Alketbi, URBANHABITAT Architectural Consultants,URBANHABITAT Architectural Consultants,
P341,,Al Rabat - Hor Al Anz,Shoring Works,Enabling Division,,TRUE,Cancelled,"405,000.00",Signed,Approved,25.2810202,55.3327793,Planning@rabatpfc.com,Planning@rabatpfc.com,,Full Package,FALSE,Mr. Abdulrazaq Ali Hassan Al Zarouni, KAIZEN Architects & Engineers,Al Rabat Contracting,
P342,,Emaar Seapoint ,"Enabling Works, Shoring Works, Piling Works, Soil Improvement Works",Enabling Division,3927069,TRUE,Completed,"16,850,834.00",Signed,Approved,25.0973068,55.1390749,Planning@rabatpfc.com,Planning@rabatpfc.com,,Full Package,FALSE, EMAAR,MIRAGE , EMAAR,
P343,,Infinia - Jumeirah 1st,Shoring Works,Enabling Division,,TRUE,Completed,"305,200.00",Signed,Approved,25.246095,55.260815,Planning@rabatpfc.com,Planning@rabatpfc.com,,Full Package,FALSE,Mr. Mohammad Anis Pardesi, Renaissance Engineering Consultants,Infinia Contracting,
P344,,Tiger - Oud Al Muteena 3rd,Shoring Works,Enabling Division,,TRUE,Completed,"215,175.00",Signed,Approved,25.2730112,55.4465313,Planning@rabatpfc.com,Planning@rabatpfc.com,,Full Package,FALSE,Mohammed Bin Rashid Housing Est.,Shadid Engineering Consultants,Tiger Group,
P345,,Sobha Hartland II - PTP Test,Testing Works,Enabling Division,,TRUE,Completed,"226,227.00",Signed,Approved,25.1730132,55.3237443,Planning@rabatpfc.com,Planning@rabatpfc.com,,Full Package,FALSE,Sobha Capital,PNC Architects,Sobha Constructions L.L.C,
P346,,Volare - Palm Jumeirah,Shoring Works,Enabling Division,,TRUE,Completed,"118,000.00",Signed,Approved,25.1115644,55.126973,Planning@rabatpfc.com,Planning@rabatpfc.com,,Full Package,FALSE,"Mr. Ashraf Nadjafi, Azam Najafi & Mahnaz Abbas Najafi", Orient Crown Engineering Consultants,Volare Building Contracting,
P347,,Splash - Ajman,Soil Improvement Works,Soil Improvement Division,,TRUE,Cancelled,"145,000.00",Signed,Approved,25.7079685,55.8715473,Planning@rabatpfc.com,Planning@rabatpfc.com,,Full Package,FALSE,Mr.H.H Rashed Al Nuaimi Safiya Palace, Eng. Adnan Saffarini,Splash Building Contracting,
P348,,DETech - Diaphragm Wall,Shoring Works,Enabling Division,,TRUE,Completed,"1,417,500.00",Signed,Approved,25.1952465,55.2925948,Planning@rabatpfc.com,Planning@rabatpfc.com,,Full Package,FALSE, Dubai Municipality,ITAL,DETech Contracting,
P351,,Sky Lark - ARJ Villa - Dubai Hills,Shoring Works,Enabling Division,,TRUE,Completed,"361,350.00",Signed,Approved,25.127091,55.273227,Planning@rabatpfc.com,Planning@rabatpfc.com,,Full Package,FALSE,Mr. Mahmoud Araji,DAT Partners,SKYLARK CONTRACTING L.L.C.,
P352,,Damac - Golf Greens,Shoring Works,Enabling Division,,TRUE,Completed,"1,350,000.00",Signed,Approved,25.0134152,55.2522053,Planning@rabatpfc.com,Planning@rabatpfc.com,,Full Package,FALSE,DAMAC Development LLC, K&P GmbH , DAMAC Properties Co. LLC,
P353,,Best Dynamic - Dubai Hills,Shoring Works,Enabling Division,,TRUE,Completed,"350,000.00",Signed,Approved,25.127586,55.263982,Planning@rabatpfc.com,Planning@rabatpfc.com,,Full Package,FALSE,EMAAR Dubai South DWC LLC, ZN era Space, Best Dynamic Contracting,
P354,,PMK - Dubai Hills,Shoring Works,Enabling Division,,TRUE,Completed,"310,100.00",Signed,Approved,25.125627,55.26672,Planning@rabatpfc.com,Planning@rabatpfc.com,,Full Package,FALSE, Dubai Hills Estate,Crown Engineering Consultants,PMK Group,
P355,,Damac Maritime City,"Enabling Works, Piling Works",Enabling Division,,TRUE,Completed,"10,485,000.00",Signed,Approved,25.2719942,55.2684728,Planning@rabatpfc.com,Planning@rabatpfc.com,,Full Package,FALSE,DAMAC Development LLC,LACASA - Architects & Engineering Consultants, DAMAC Properties Co. LLC,
P356,,Al Maeraj - Al Mammzar,Shoring Works,Enabling Division,,TRUE,Completed,"18,000.00",Signed,Approved,25.300309,55.348524,Planning@rabatpfc.com,Planning@rabatpfc.com,,Full Package,FALSE,Al Maeraj Contracting, Al Anwar Architectural Engineering Consultants,Al Maeraj Contracting,
P357,,Luxury - Shoring - Umm Al Sheif,Shoring Works,Enabling Division,,TRUE,Completed,"278,700.00",Signed,Approved,25.1294862,55.1988213,Planning@rabatpfc.com,Planning@rabatpfc.com,,Full Package,FALSE, O M Residence Umm Al Sheif, +971 Architects,Luxury Project Builders,
P358,,Granada Europe - Lavender,Shoring Works,Enabling Division,,TRUE,Completed,"231,800.00",Signed,Approved,25.0618996,55.2015773,Planning@rabatpfc.com,Planning@rabatpfc.com,,Full Package,FALSE,Binghatti Properties Investment Limited,Silver Stone Engineering Consultants,Granada Europe Consturction LLC,
P359,,Sobha A07,Piling Works,Enabling Division,,TRUE,Completed,"2,575,109.00",Signed,Approved,25.1721734,55.3306153,Planning@rabatpfc.com,Planning@rabatpfc.com,,Full Package,FALSE, Sobha Capital L.L.C,PNC Architects,Sobha Constructions L.L.C,
P359,A,Sobha A07,Shoring Works,Enabling Division,,TRUE,Completed,"354,960.00",Signed,Approved,25.1721734,55.3306153,Planning@rabatpfc.com,Planning@rabatpfc.com,,Full Package,FALSE, Sobha Capital L.L.C,PNC Architects,Sobha Constructions L.L.C,
P360,,Prime Metal - Shj,Testing Works,Enabling Division,,TRUE,Completed,"8,000.00",Signed,Approved,25.1721734,55.3306153,Planning@rabatpfc.com,Planning@rabatpfc.com,,Full Package,FALSE,AL FUTTAIM REAL ESTATE COMPANY,DEYAR ENGINEERING CONSULTANTS,PRIME METAL INDUSTRIES LLC,
P361,,Takmeel- Nad Al Shiba,Soil Improvement Works,Soil Improvement Division,,TRUE,Completed,"250,555.00",Signed,Approved,25.1616417,55.3193749,Planning@rabatpfc.com,Planning@rabatpfc.com,,Full Package,FALSE,"Mr.Muhammad Bin Asad Mian Asad Bashir, Hamza Asad Mian Asad Bashir",EMSQUARE Engineering Consultants,Takmeel Real Estate Development,
P362,,PSE - World Island - Marine Piles,Marine Works,Marine Division,,TRUE,Completed,"335,000.00",Signed,Approved,25.2306716,55.157025,Planning@rabatpfc.com,Planning@rabatpfc.com,,Full Package,FALSE,PSE BUILDING CONTRACTING LLC,,PSE BUILDING CONTRACTING LLC,
P363,,Damac Golf Gate ,"Enabling Works, Shoring Works",Enabling Division,,TRUE,Completed,"4,458,567.00",Signed,Approved,25.0213613,55.2429991,Planning@rabatpfc.com,Planning@rabatpfc.com,,Full Package,FALSE, DAMAC CRESCENT PROPERTIES LLC,ENGINEERING CONSORTIUM CONSULTING ENGINEERS, DAMAC Properties Co. LLC,
P364,,Alfa- Souq Al Kabeer,Shoring Works,Enabling Division,,TRUE,Completed,"95,000.00",Signed,Approved,25.2617973,55.294293,Planning@rabatpfc.com,Planning@rabatpfc.com,,Full Package,FALSE,Mr. Mubarak Khalifa Hamad Saeed Bin Shafya,POE Architects & Engineers,Alfa Contracting LLC,
P365,,High Beam -Umm Al Sheif,Shoring Works,Enabling Division,,TRUE,Completed,"566,050.00",Signed,Approved,25.1352529,55.2067699,Planning@rabatpfc.com,Planning@rabatpfc.com,,Full Package,FALSE,Mr. Saleh Mohammad Ramadhan Alrafi,SIGNATURE Engineering Consultant,High Beam Contracting LLC,
P366,,Al Andalos,Shoring Works,Enabling Division,,TRUE,Completed,"350,100.00",Signed,Approved,25.170128,55.397825,Planning@rabatpfc.com,Planning@rabatpfc.com,,Full Package,FALSE,Mr. Hussein Ahmad Al Saad, Archline Engineering Consultants, AL ANDALOS CONTRACTING CO. L.L.C,
P367,,AL Shandagha-Al Barsha South,Shoring Works,Enabling Division,JVT03FMRA003,TRUE,Completed,"620,000.00",Signed,Approved,25.0397148,55.1816307,Planning@rabatpfc.com,Planning@rabatpfc.com,,Full Package,FALSE,Mr. Misbah Munshi,M/s Al Shandagha Architects & Engineering Consultants,Al Shandagha Architects & Engineering Consultants,
P368,,ECO - Wadi Al Safa,Shoring Works,Enabling Division,6458081,TRUE,Completed,"840,000.00",Signed,Approved,25.0867911,55.3139912,Planning@rabatpfc.com,Planning@rabatpfc.com,,Full Package,FALSE,,,,
P369,,Binghatti - Bugatti - Business Bay,Piling Works,Enabling Division,,TRUE,Completed,"3,323,389.00",Signed,Approved,25.1877678,55.2652074,Planning@rabatpfc.com,Planning@rabatpfc.com,,Workmanship,FALSE,Binghatti Properties Investment Limited,Silver Stone Engineering Consultants,Granada Europe Consturction LLC,400.00%
P370,,Citi Al Bada,Shoring Works,Enabling Division,,TRUE,Completed,"745,000.00",Signed,Approved,25.2263358,55.2662234,Planning@rabatpfc.com,Planning@rabatpfc.com,,Full Package,FALSE,,,,
P371,,Moonlink-Al Jaddaf,Soil Improvement Works,Soil Improvement Division,,TRUE,Completed,"250,000.00",Signed,Approved,25.2157493,55.3261163,Planning@rabatpfc.com,Planning@rabatpfc.com,,Full Package,FALSE,Mr. Isa Abdulla Haider Obiaid Bin Haider, Al Asri Engineering Consultants,Moon Link Building Contracting L.L.C,
P372,,Sharjah Lake Mosque,Soil Improvement Works,Soil Improvement Division,,TRUE,Completed,"118,950.00",Signed,Approved,25.3175118,55.3601086,Planning@rabatpfc.com,Planning@rabatpfc.com,,Full Package,FALSE,Sharjah Government - Department Of Islamic Affairs, Khatib & Alami - QUAD Design,United Engineering Construction (UNEC),
P373,,Marinas Performance - World Islands,Marine Works,Marine Division,,TRUE,Completed,"960,000.00",Signed,Approved,,,Planning@rabatpfc.com,Planning@rabatpfc.com,,Workmanship,FALSE,Marinas Performance,,Marinas Performance,250.00%
P374,,Better Gardens,Shoring Works,Enabling Division,,TRUE,Completed,"680,000.00",Signed,Approved,25.2436338,55.2633951,Planning@rabatpfc.com,Planning@rabatpfc.com,,Full Package,FALSE,Mr. Sultanov Temirlanbek,Orient Crown Architectural,BG Group,
P375,,Basic Touch-Al Barsha South First,Shoring Works,Enabling Division,,TRUE,Completed,"129,250.00",Signed,Approved,25.0943178,55.2282914,Planning@rabatpfc.com,Planning@rabatpfc.com,,Full Package,FALSE,Mr. Mohamed Ahmad Abdulla Sayd Ibrahim Al Hashemi,Mujassam Architecture & Design,Basic Touch Building Contracting,
P376,,ECC Fit Out - Al Barari,Shoring Works,Enabling Division,,TRUE,Cancelled,0,Signed,Approved,25.102582,55.31048,Planning@rabatpfc.com,Planning@rabatpfc.com,,Full Package,FALSE, Mohammed Zaal & M1 Dynamics general Trading LLC,Emkan,ECC Fit-Out & Construction,
P377,,ECC - Al Wasl,Shoring Works,Enabling Division,,TRUE,Cancelled,0,Signed,Approved,25.1958032,55.2570493,Planning@rabatpfc.com,Planning@rabatpfc.com,,Full Package,FALSE,MERAAS Estates,Orient Crown Architectural,ECC Fit-Out & Construction,
P378,,DWEX - Al Barari,Others,Enabling Division,,TRUE,Completed,"18,000.00",Signed,Approved,,,Planning@rabatpfc.com,Planning@rabatpfc.com,,Full Package,FALSE,Dwex Technical Services LLC,,,
P379,,Nova Way - Jabal Ali First,Shoring Works,Enabling Division,,TRUE,Cancelled,0,Signed,Approved,26.0307332,56.1310133,Planning@rabatpfc.com,Planning@rabatpfc.com,,Full Package,FALSE,Mrs. Dorthe Schmidt Schiess,M/s Eng.Adnan Saffarini Office L.L.C. -Architects & Engineering Consultant,Nova Way Contracting,
P380,,Nova Way Jumeirah First,Shoring Works,Enabling Division,,TRUE,Completed,"715,000.00",Signed,Approved,25.2263959,55.2516305,Planning@rabatpfc.com,Planning@rabatpfc.com,,Full Package,FALSE,Mr. Qadir Ahmad Ibrahim / M/S La Mer Estates LLC,Chawla Architectural & Consulting Engineers,NOVA WAY CONTRACTING LLC,
P381,,Binghatti - JVC - Azure,Piling Works,Enabling Division,,TRUE,Cancelled,0,Signed,Approved,25.0681768,55.2119778,Planning@rabatpfc.com,Planning@rabatpfc.com,,Full Package,FALSE,Binghatti Properties Investment Limited,Silver Stone Engineering Consultants,Granada Europe Consturction LLC,
P382,,Jeikor - Dubai Hills,Shoring Works,Enabling Division,,TRUE,Cancelled,0,Signed,Approved,25.126839,55.272118,Planning@rabatpfc.com,Planning@rabatpfc.com,,Full Package,FALSE,Mr. Amit Madhav,Model Engineering Consultants,Jeikor Contracting,
P383,,Al Qabdah - Al Garhoud,Soil Improvement Works,Soil Improvement Division,,TRUE,Cancelled,"195,000.00",Signed,Approved,25.2394959,55.3564218,Planning@rabatpfc.com,Planning@rabatpfc.com,,Full Package,FALSE,Mr. H.E Abdulrahman Mohamed Al Owais , National Engineering Bureau,Al Qabdah Global Building Contracting LLC,
P384,,SHARJAH MUNICIPALITY - GRP,Infrastructure Works,Infrastructure Division,,TRUE,On Going,,,,,,Planning@rabatpfc.com,Planning@rabatpfc.com,,Full Package,FALSE,SHARJAH MUNICIPALITY DRAINAGE DEPARTMENT,,,
P385,,UNEC - KHORFAKKAN,Soil Improvement Works,Soil Improvement Division,,TRUE,Completed,"337,000.00",Signed,Approved,25.3472595,56.3627511,Planning@rabatpfc.com,Planning@rabatpfc.com,,Full Package,FALSE,United Engineering Construction, Khatib & Alami,United Engineering Construction,
P386,,Edge Plus,Shoring Works,Enabling Division,,TRUE,Completed,"796,400.00",Signed,Approved,25.2424125,55.2610696,Planning@rabatpfc.com,Planning@rabatpfc.com,,Full Package,FALSE,Mr. Jamal Jalal Mahmoud, NEB,Edge Plus Contracting,
P401,,West One Umm Al Sheif,Shoring Works,Enabling Division,3670189,TRUE,Cancelled,0,Signed,Not Required,25.1282748,55.1996435,Planning@rabatpfc.com,Planning@rabatpfc.com,,Full Package,FALSE,Mr. Salaheddin Mohammad Mussa,Pincel Engineering Consultants,West One Construction,
P403,,Binghatti Mercedes,"Shoring Works, Piling Works",Enabling Division,3450387,TRUE,Completed,"1,830,706.11",Signed,Approved,25.1884055,55.2800859,Planning@rabatpfc.com,Planning@rabatpfc.com,,Workmanship,FALSE,Binghatti Properties Investment Limited,Silver Stone Engineering Consultants,Granada Europe Consturction LLC,400.00%
P404,,Union Coop - Al Khawaneej,Shoring Works,Enabling Division,2822303,TRUE,Cancelled,"2,500,000.00",Signed,Approved,25.2322276,55.5385064,Planning@rabatpfc.com,Planning@rabatpfc.com,,Full Package,FALSE,Union Coop, Future Art Engineering Consultancy,Union Coop,
P405,,Future Art- Al Nahda,Shoring Works,Enabling Division,2410186,TRUE,Completed,"2,040,000.00",Signed,Approved,25.2887463,55.3731242,Planning@rabatpfc.com,Planning@rabatpfc.com,,Full Package,FALSE,Mr. Ghaith Saeed Khalaf Al Ghaith,Future Art Engineering Consultancy.,Future Art Engineering Consultancy.,
P406,,National Piling ,Others,Enabling Division,,TRUE,Cancelled,"32,000.00",Signed,Not Required,25.2719942,55.2684728,Planning@rabatpfc.com,Planning@rabatpfc.com,,Full Package,FALSE,NATIONAL PILING & LAND DRAINING WORK,,NATIONAL PILING & LAND DRAINING WORK,
P407,,Al Kharafi Al Awir- INFRA,Infrastructure Works,Infrastructure Division,,TRUE,Completed,"6,372,904.00",Signed,Not Required,,,Planning@rabatpfc.com,Planning@rabatpfc.com,,Workmanship,FALSE, Mohammed Abdulmohsin Al-Kharafi & Sons,, Mohammed Abdulmohsin Al-Kharafi & Sons,
P408,,Al Khawaja- Al Furjan,Others,Enabling Division,AFMU047A,TRUE,Completed,"323,128.00",Signed,Not Required,25.0205924,55.138101,Planning@rabatpfc.com,Planning@rabatpfc.com,,Full Package,FALSE,Al Kharazz Meadows Limited, Al Khwajah Engineering Consultancy,Al Khwajah Engineering Consultancy,
P409,,Sobha A05,"Shoring Works, Piling Works",Enabling Division,6110697,TRUE,Completed,"2,530,197.00",Signed,Approved,25.171533,55.3249981,Planning@rabatpfc.com,Planning@rabatpfc.com,,Full Package,FALSE, Sobha Capital L.L.C,PNC Architects, Sobha Constructions L.L.C,
P410,,Global Dewatering- Sobha Hartland,Others,Enabling Division,6110586,TRUE,Completed,"54,000.00",Signed,Not Required,25.1765742,55.3111791,Planning@rabatpfc.com,Planning@rabatpfc.com,,Full Package,FALSE,GLOBAL DEWATERING & PILING LLC,,GLOBAL DEWATERING & PILING LLC,
P4100,,Modun Gulf - Al Satwa,Soil Improvement Works,Soil Improvement Division,3347276,TRUE,Completed,"665,000.00",Signed,Approved,25.224319,55.279181,mahmoud.omara@rabatpfc.com,mohamed.hamza@rabatpfc.com,,Full Package,FALSE,Meraas Development,"CVTEC Consulting Engineers
",Modun Gulf Building Contracting,
P4101,,ANK - Jumeirah 1st,Shoring Works,Enabling Division,3321528,TRUE,Cancelled,"299,900.00",Signed,Pending,25.2241964,55.2580129,Planning@rabatpfc.com,Planning@rabatpfc.com,,Full Package,FALSE,Mr. Rasha Osman Ahmad Nashaat,ANK Architectural Consultants ,ANK Architectural Consultants ,
P4102,,One - Wadi Al Safa 4th,Enabling Works,Enabling Division,6468142,TRUE,Completed,"254,825.00",Signed,Approved,25.0904429,55.3235468,Planning@rabatpfc.com,Planning@rabatpfc.com,,Full Package,FALSE,One Development,AE7,One Development,
P4103,,GUNAL- HESSA,Infrastructure Works,Infrastructure Division,,FALSE,Upcoming,"2,623,000.00",Under Preperation,Pending,,,Planning@rabatpfc.com,Planning@rabatpfc.com,,Full Package,FALSE,RTA,Khatib & Alami,Gunal Construction ,
P4104,606 & 707,High Beam - 606 & 707,Shoring Works,Enabling Division,3431267/3431266,TRUE,Completed,"1,158,550.00",Signed,Approved,25.1965936,55.2563866,mohamed.khaled@rabatpfc.com,eslam.ali@rabatpfc.com,,Full Package,FALSE,Mr. AIDYN RAKHIMBAYEV FERAS MOHAMMAD AL MSADDI,Onix Engineering Consultancy,High Beam Contracting LLC,
P4104,909,High Beam - 909,Shoring Works,Enabling Division,3435390,TRUE,Completed,"641,400.00",Signed,Approved,25.1924316,55.2555169,mohamed.khaled@rabatpfc.com,eslam.ali@rabatpfc.com,,Full Package,FALSE,Mr. AIDYN RAKHIMBAYEV FERAS MOHAMMAD AL MSADDI,Onix Engineering Consultancy,High Beam Contracting LLC,
P4105,,Jedan - Umm Al Sheif,Soil Improvement Works,Soil Improvement Division,3670501,TRUE,Completed,"196,000.00",Signed,Approved,25.132438,55.2010812,Planning@rabatpfc.com,Planning@rabatpfc.com,,Full Package,FALSE,Mr. Bader Ahmad Mohammed Bin Abdulaziz Alshehhi, Nisreen Kayyali Consulting Engineers," Jedan Contracting
",
P4106,,INNOVO - Jabel Ali,Infrastructure Works,Infrastructure Division,,FALSE,Upcoming,"600,000.00",Under Preperation,Pending,25.0342669,55.1164871,Planning@rabatpfc.com,Planning@rabatpfc.com,,Full Package,FALSE,Jabel Ali Village LLC,Parsons,Innovo Build UAE,
P4107,,Delta - Deira Island,Soil Improvement Works,Soil Improvement Division,1010390,TRUE,Completed,"552,500.00",Signed,Approved,25.290878,55.2922372,Planning@rabatpfc.com,Planning@rabatpfc.com,,Full Package,FALSE,Mr. Jamshid Shakirov, NEB,Delta Foundation Co. LLC,
P4108,,CPC - EDGE - RAK,Soil Improvement Works,Soil Improvement Division,,TRUE,Completed,"400,000.00",Signed,Approved,25.7246361,55.8446166,Planning@rabatpfc.com,Planning@rabatpfc.com,,Full Package,FALSE,RAK Properties,XYZ DESIGNERS, CPC Construction Piling Company,
P4109,,Orient Crown (ISTO) - Pearl Jumeirah,"Enabling Works, Shoring Works",Enabling Division,3323050,TRUE,On Going,"937,800.00",Signed,Submitted,25.243979,55.2549325,mohamed.ashraf@rabatpfc.com,eslam.ali@rabatpfc.com,,Full Package,FALSE,Mr.Diaa Nasser & Meryen Al Zubaydy , Orient Crown Architectural Consultant," ISTO
",
P411,,Binladin- Al Khawaneej,Shoring Works,Enabling Division,,TRUE,Completed,"1,140,000.00",Signed,Approved,25.2307519,55.5362764,Planning@rabatpfc.com,Planning@rabatpfc.com,,Full Package,FALSE,Binghatti Properties Investment Limited,Silver Stone Engineering Consultants,Granada Europe Consturction LLC,
P411,IN,Binladin- Al Khawaneej,Infrastructure Works,Infrastructure Division,,TRUE,Completed,0,Signed,Approved,25.2307519,55.5362764,Planning@rabatpfc.com,Planning@rabatpfc.com,,Full Package,FALSE,Binghatti Properties Investment Limited,Silver Stone Engineering Consultants,Granada Europe Consturction LLC,
P4110,,Binghatti - Skyrise ,"Others, Shoring Works",Enabling Division,3460282,TRUE,On Going,"340,000.00",Signed,Approved,25.1817797,55.2713989,mohamed.hamdy@rabatpfc.com,mohamed.ayman@rabatpfc.com,,Full Package,FALSE,Binghatti Properties Investment Limited,Silver Stone Engineering Consultants,Granada Europe Consturction LLC,
P215,,Al Anwar - Al Mamzar,Shoring Works,Enabling Division,,TRUE,Completed,"365,000.00",Signed,Approved,,,Planning@rabatpfc.com,Planning@rabatpfc.com,,Full Package,FALSE,,,,
P4110,P,Binghatti - Skyrise,Piling Works,Enabling Division,3460282,TRUE,On Going,"14,564,710.00",Signed,Submitted,25.1817797,55.2713989,mohamed.hamdy@rabatpfc.com,mohamed.ayman@rabatpfc.com,,Workmanship,FALSE,Binghatti Properties Investment Limited,Silver Stone Engineering Consultants,Granada Europe Consturction LLC,400.00%
P4111,,MERAKI - HAVEN,Shoring Works,Enabling Division,6456418,TRUE,Completed,"220,000.00",Signed,Approved,25.0919176,55.3128533,Planning@rabatpfc.com,Planning@rabatpfc.com,,Full Package,FALSE,Mr.John R Harris, Meraki Real Estate One Person LLC (MRED),"Meraki Integrated Contracting LLC (MICL)
",
P4112,,Foresight - Nad Al Shiba Fourth,Shoring Works,Enabling Division,6174747,TRUE,Completed,"295,000.00",Signed,Approved,25.137244,55.3588481,Planning@rabatpfc.com,Planning@rabatpfc.com,,Full Package,FALSE,Tariq Mohammad Saleh Al Gurg ,Al Gurg Consultants,"Foresight Contracting LLC
",
P4113,,Grand Target - Mirdiff,Infrastructure Works,Infrastructure Division,,FALSE,Upcoming,"27,000.00",Under Preperation,Pending,,,Planning@rabatpfc.com,Planning@rabatpfc.com,,Full Package,FALSE,GRAND TARGET TECHNICAL SERVICES L.L.C,,GRAND TARGET TECHNICAL SERVICES L.L.C,
P412,,Sobha - Global Square PTP,Others,Enabling Division,6110147,TRUE,Completed,"135,111.78",Signed,Not Required,25.1741149,55.3240851,Planning@rabatpfc.com,Planning@rabatpfc.com,,Full Package,FALSE, Sobha Capital L.L.C, PNC Atchitects,Sobha Constructions L.L.C,
P413,,Buhaleeba - Jumeirah Park,Shoring Works,Enabling Division,JPS3VS 048,TRUE,Completed,"226,050.00",Signed,Not Required,25.050236,55.167577,Planning@rabatpfc.com,Planning@rabatpfc.com,,Full Package,FALSE,GRAND TARGET TECHNICAL SERVICES L.L.C,,GRAND TARGET TECHNICAL SERVICES L.L.C,
P414,S,Bonyan-Al Jaddaf,Shoring Works,Enabling Division,3260916,TRUE,Completed,"866,800.00",Signed,Approved,25.2261598,55.3404172,Planning@rabatpfc.com,Planning@rabatpfc.com,,Workmanship,FALSE,KASCO Properties DMCC, Bonyan Engineering Consultancy, LA MIDA CONTRACTING,200.00%
P414,SI,Bonyan-Al Jaddaf,Soil Improvement Works,Soil Improvement Division,3260916,TRUE,Completed,"925,000.00",Signed,Approved,25.2261598,55.3404172,Planning@rabatpfc.com,Planning@rabatpfc.com,,Workmanship,FALSE,KASCO Properties DMCC, Bonyan Engineering Consultancy, LA MIDA CONTRACTING,50.00%
P415,,Sarooj - Dibba,Marine Works,Marine Division,-,TRUE,Completed,"543,000.00",Signed,Approved,25.652176,56.269354,Planning@rabatpfc.com,Planning@rabatpfc.com,,Full Package,FALSE,WALCON MARINE AUSTRALIA PTY LTD,,Sarooj Construction Company LLC,
P416,P,Ummah Contractors - Nakhlat Deira,Piling Works,Enabling Division,DIA-R-0140,TRUE,Completed,"720,000.00",Signed,Approved,25.2899444,55.3091111,Planning@rabatpfc.com,Planning@rabatpfc.com,,Workmanship,FALSE,AB Developers L.L.C,Pro Line Engineering Consultants,Al Ummah Contractors L.L.C,300.00%
P416,SI,Ummah Contracting,Soil Improvement Works,Soil Improvement Division,DIA-R-0140,TRUE,Completed,"240,000.00",Signed,Approved,25.2899444,55.3091111,Planning@rabatpfc.com,Planning@rabatpfc.com,,Full Package,FALSE,AB Developers L.L.C,Pro Line Engineering Consultants,Al Ummah Contractors L.L.C,
P417,,Zabeel-Al Garhoud ,Shoring Works,Enabling Division,2140497,TRUE,Completed,"504,350.00",Signed,Approved,25.250381,55.3368023,Planning@rabatpfc.com,Planning@rabatpfc.com,,Full Package,FALSE,Mr. Naser Ahmed Saeed Mohamed Al Awadhi, BH.NS Engineering Consultants, Zabeel Contracting LLC,
P418,,Al Madar - Nad Al Shiba,Soil Improvement Works,Soil Improvement Division,6189859,TRUE,Completed,"120,000.00",Signed,Approved,25.161674,55.319337,Planning@rabatpfc.com,Planning@rabatpfc.com,,Full Package,FALSE,Mr. George Hanna Faddul,Pro Line Engineering Consultants,Al Madar Engineering,
P419,,Palace - LV43,Shoring Works,Enabling Division,3323887,TRUE,On Hold,"1,515,000.00",Signed,Approved,25.2196199,55.224678,Planning@rabatpfc.com,Planning@rabatpfc.com,,Full Package,FALSE,Mr. Miroslav Vyboh,Al Ajmi Engineering Consultants,Palace Group LLC,
P420,,Palace B14,Shoring Works,Enabling Division,3323818,TRUE,Completed,"409,000.00",Signed,Approved,25.2256697,55.2541936,Planning@rabatpfc.com,Planning@rabatpfc.com,,Full Package,FALSE,"Meraas Estates, Mr. Wissam Wafaa Al Damaa",UNICA/AMEC,Palace Group LLC,
P421,,Palace - B11 & B13,Shoring Works,Enabling Division,3323886/3323887,TRUE,Completed,"1,375,000.00",Signed,Approved,25.2261991,55.2545202,Planning@rabatpfc.com,Planning@rabatpfc.com,,Full Package,FALSE,"Meraas Estates, Mr. Wissam Wafaa Al Damaa",AMEC,Palace Group LLC,
P422,,Sobha A10,Shoring Works,Enabling Division,6110686,TRUE,Completed,"268,840.00",Signed,Approved,25.1776144,55.3240486,Planning@rabatpfc.com,Planning@rabatpfc.com,,Full Package,FALSE, Sobha Capital L.L.C,PNC Architects, Sobha Capital L.L.C,
P423,,Prime Civil Construction,Infrastructure Works,Infrastructure Division,,TRUE,Completed,"127,200.00",,Not Required,,,Planning@rabatpfc.com,Planning@rabatpfc.com,,Full Package,FALSE,Continental Investments  , Ace Interntional Consulting ,Prime Civil Construction,
P424,,Binghatti Phoenix,Shoring Works,Enabling Division,JVC13HOP001 ,TRUE,Completed,"812,100.00",Signed,Approved,25.0495112,55.2077561,Planning@rabatpfc.com,Planning@rabatpfc.com,,Full Package,FALSE,Binghatti Properties Investment Limited,Silver Stone Engineering Consultants,Granada Europe Consturction LLC,
P425,,Al Safa- Sewerage Connection,Infrastructure Works,Infrastructure Division,,TRUE,Completed,"45,000.00",,Not Required,,,Planning@rabatpfc.com,Planning@rabatpfc.com,,Full Package,FALSE,Al Furjan LLC, Al Turath,Al Safa Road Contracting LLC,
P426,,Bruders Lamer,Shoring Works,Enabling Division,3323844,TRUE,Completed,"112,850.00",Signed,Approved,25.2260155,55.247513,Planning@rabatpfc.com,Planning@rabatpfc.com,,Full Package,FALSE,Palma Homes Real Estate Development,Yaghmour Architects & Engineers,Bruders Building Contracting LLC,
P427,,Sobha Mall,Shoring Works,Enabling Division,3470924,TRUE,Completed,"724,500.00",Signed,Approved,25.1801463,55.3021669,amr.adel@rabatpfc.com,mohamed.ayman@rabatpfc.com,,Full Package,FALSE, Sobha Capital L.L.C, PNC,Sobha Constructions L.L.C,
P428,,Al Shurooq- Deira Islands,Soil Improvement Works,Soil Improvement Division,DIA-RE-0116,TRUE,Completed,"300,000.00",Signed,Not Required,25.2880546,55.2948415,Planning@rabatpfc.com,Planning@rabatpfc.com,,Full Package,FALSE,Mr. Ehab Sayed Mohamed El Wishy,Al Shurooq Engineering Consultant,Al Shurooq Engineering Consultant,
P429,,QRS- Infrastructure,Infrastructure Works,Infrastructure Division,,TRUE,Completed,"11,000.00",,Not Required,,,Planning@rabatpfc.com,Planning@rabatpfc.com,,Full Package,FALSE,Q R S CONTRACTING L.L.C,,Q R S CONTRACTING L.L.C,
P430,,Al Isra - Al Seouh ,Soil Improvement Works,Soil Improvement Division,GOV - 418,TRUE,Completed,"168,924.00",Signed,Approved,25.2407296,55.6386031,Planning@rabatpfc.com,Planning@rabatpfc.com,,Full Package,FALSE, Government Of Sharjah - Directorate Of Islamic Affairs,Al Rouya Almotakamela Architectural Consultants,Alisra Group,
P431,,Al Isra - Al Sajaa,Soil Improvement Works,Soil Improvement Division,,TRUE,Completed,"297,600.00",Signed,Approved,25.3175385,55.6169766,Planning@rabatpfc.com,Planning@rabatpfc.com,,Full Package,FALSE, Government Of Sharjah - Directorate Of Islamic Affairs,Architecture Corner Engineering Consultants (ACC),Alisra Group,
P432,,No Project Reference,Others,Enabling Division,,TRUE,Cancelled,0,,,,,Planning@rabatpfc.com,Planning@rabatpfc.com,,Full Package,FALSE,No Project Reference,No Project Reference,No Project Reference,
P433,,Binghatti Hills,"Shoring Works, Piling Works",Enabling Division,6723163,TRUE,Completed,"2,887,481.00",Signed,Approved,25.0706313,55.2461599,Planning@rabatpfc.com,Planning@rabatpfc.com,,Full Package,FALSE,Binghatti Properties Investment Limited,Silver Stone Engineering Consultants,Granada Europe Consturction LLC,
P434,,Techno Smart- Insfrastructure,Infrastructure Works,Infrastructure Division,,TRUE,Completed,"18,000.00",,Not Required,,,Planning@rabatpfc.com,Planning@rabatpfc.com,,Full Package,FALSE,Abu Dhabi  Sustainable Water Solutions ,Tangram Architects and Designers,Techno Smart Contracting,
P435,,Buildtech- Dubai Islands,Soil Improvement Works,Soil Improvement Division,1010389,TRUE,Cancelled,"435,500.00",Signed,Pending,25.289845,55.2937275,Planning@rabatpfc.com,Planning@rabatpfc.com,,Full Package,FALSE,Mr. Ajay Gokani,Model Engineering Consultants,Buildtech Construction LLC,
P436,,Al Fattan-Al Sadr Port,Shoring Works,Enabling Division,,TRUE,Cancelled,0,,,,,Planning@rabatpfc.com,Planning@rabatpfc.com,,Full Package,FALSE, Command of Military Works - Abu Dhabi,ADEC Engineering Consultancy,Al Fattan Contracting and Properties Management,
P437,,Wadeadams-Infrasructure,Infrastructure Works,Infrastructure Division,,TRUE,Completed,"257,200.00",,Not Required,,,Planning@rabatpfc.com,Planning@rabatpfc.com,,Full Package,FALSE,RTA,Parsons,Wade Adams Contracting,
P438,,Alliedtech Contracting,Shoring Works,Enabling Division,6489190,TRUE,Completed,"161,350.00",Signed,Approved,25.0866725,55.3844976,Planning@rabatpfc.com,Planning@rabatpfc.com,,Full Package,FALSE,Dubai Land Residence LLC, New Art Engineering Consultancies ,Alliedtech Contracting LLC,
P439,,Remal Al Sahra,Soil Improvement Works,Soil Improvement Division,3435415,TRUE,Completed,"270,000.00",Signed,Approved,25.303116,55.338917,Planning@rabatpfc.com,Planning@rabatpfc.com,,Full Package,FALSE, Meeras Estates LLC, ENMA Engineering Consultants,Remal Al Sahara Contracting,
P440,,Paramount Carl VIlla,Shoring Works,Enabling Division,3435415,TRUE,Completed,"395,000.00",Signed,Approved,25.1958518,55.2568877,Planning@rabatpfc.com,Planning@rabatpfc.com,,Full Package,FALSE,Mr.Carl Joseph Gilles Asamade, EMKAAN Architecture & Engineering Consultancy,Paramount International Contracting L.L.C,
P441,,Sunrise Capital,Shoring Works,Enabling Division,5919563,TRUE,Completed,"3,450,000.00",Signed,Submitted,25.017897,55.1057334,mohamed.ashraf@rabatpfc.com,eslam.ali@rabatpfc.com,,Full Package,FALSE, Sunrise Capital Real Estate Development L.L.C.,Model Engineering Consultants, Sunrise Capital Real Estate Development L.L.C.,
P442,,Palace A14,Shoring Works,Enabling Division,3323759,TRUE,Completed,"620,000.00",Signed,Approved,25.2255289,55.2504591,Planning@rabatpfc.com,Planning@rabatpfc.com,,Full Package,FALSE, La Mer Estates L.L.C., Al Manhal Engineering Consultants (AMEC),Palace Group LLC,
P443,,MV-01 Orient Crown La Mer,Shoring Works,Enabling Division,3020460,TRUE,Completed,"895,167.50",Signed,Approved,25.2140211,55.2360057,Planning@rabatpfc.com,Planning@rabatpfc.com,,Full Package,FALSE,"Mr.Ashok Bhagchandani, Ram Bhagchandani, Satish Bhagchandani", Orient Crown Architectural Consultant, Orient Crown Architectural Consultant,
P444,,BCI Lamer,Shoring Works,Enabling Division,3323750,TRUE,Completed,"556,000.00",Signed,Approved,25.224696,55.2508519,Planning@rabatpfc.com,Planning@rabatpfc.com,,Full Package,FALSE, Margarita Louis, Orient Crown Architectural Consultant, Build Corp Interiors,
P445,,Positive Thinkers,Shoring Works,Enabling Division,3323866,TRUE,On Hold,"1,685,950.00",Signed,Pending,25.2269487,55.250823,Planning@rabatpfc.com,Planning@rabatpfc.com,,Full Package,FALSE, Princimare Twenty Six Limited,Al Manhal Engineering Consultants (AMEC),The Positive Thinkers Investments FZE,
P446,,NMDC-Abu Dhabi,Testing Works,Enabling Division,,TRUE,Completed,"135,000.00",Signed,Not Required,24.4762726,54.4148789,Planning@rabatpfc.com,Planning@rabatpfc.com,,Full Package,FALSE, Q Properties, KEO Consultant,NMDC GROUP,
P447,,Orient Crown- La Mer,Shoring Works,Enabling Division,3323895,TRUE,Completed,"626,500.00",Signed,Approved,25.227418,55.2530047,Planning@rabatpfc.com,Planning@rabatpfc.com,,Full Package,FALSE,Mr. Kaiser Kamil, Orient Crown Architectural Consultant, Orient Crown Architectural Consultant,
P448,,Al Masoaood National,Shoring Works,Enabling Division,,TRUE,Cancelled,"207,150.00",,,,,Planning@rabatpfc.com,Planning@rabatpfc.com,,Full Package,FALSE,Mr. Shamal Estate LLC ,Future Art Engineering Consultancy.,Al Masaood National General Contracting LLC,
P449,,Binghatti Trillioniare,Piling Works,Enabling Division,3460507,TRUE,Completed,"4,262,658.00",Signed,Approved,25.1836581,55.2610784,Planning@rabatpfc.com,Planning@rabatpfc.com,,Workmanship,FALSE,Binghatti Properties Investment Limited,Silver Stone Engineering Consultants,Granada Europe Consturction LLC,400.00%
P450,,Al Rabat - Al Satwa,Soil Improvement Works,Soil Improvement Division,3347558,TRUE,Completed,"330,000.00",Signed,Approved,25.2194538,55.2730338,Planning@rabatpfc.com,Planning@rabatpfc.com,,Full Package,FALSE,Mr. Ali Al Sayed Hussain Al Sayed shubbar, Al Asri Engineering Consultants,Al Rabat Contracting,
P451,,Paramount- NIkesh Villa,Shoring Works,Enabling Division,3435411,TRUE,Completed,"534,800.00",Signed,Approved,25.1963826,55.2561922,Planning@rabatpfc.com,Planning@rabatpfc.com,,Full Package,FALSE,Mr. Carl Joseph Gilles Asamade, Emkaan,Paramount International Contracting L.L.C,
P452,,Rumaysa - Emirates HIlls,Shoring Works,Enabling Division,3940255,TRUE,Completed,"2,915,544.00",Signed,Approved,25.0711637,55.1728317,Planning@rabatpfc.com,Planning@rabatpfc.com,,Full Package,FALSE,Mr. Amandeep Singh Sahney,Model Engineering Consultants,Rumaysa Project Management Services,
P453,,CPC-Ras Al Khaimah,Soil Improvement Works,Soil Improvement Division,601015058,TRUE,Completed,"1,560,600.00",Signed,Approved,25.7191522,55.8399059,Planning@rabatpfc.com,Planning@rabatpfc.com,,Full Package,FALSE,RAK Properties,XYZ Designers,CPC Construction Piling Company,
P454,,Aztec Sharjah,Soil Improvement Works,Soil Improvement Division,,TRUE,Completed,"110,000.00",Signed,Approved,25.3370602,55.4071263,Planning@rabatpfc.com,Planning@rabatpfc.com,,Full Package,FALSE,ENOC, BH. NS Engineering Consultants,Aztec Middle East Contracting LLC,
P455,,Kasco Business Bay,Piling Works,Enabling Division,3460608,TRUE,Completed,"2,300,000.00",Signed,Approved,25.1785147,55.2714549,Planning@rabatpfc.com,Planning@rabatpfc.com,,Workmanship,FALSE, KASCO Real Estate LLC,Next Engineering Consultants, KASCO Group,300.00%
P456,,City Experts - Business Bay,Shoring Works,Enabling Division,3450429,TRUE,Completed,"218,400.00",Signed,Approved,25.1864121,55.278326,Planning@rabatpfc.com,Planning@rabatpfc.com,,Full Package,FALSE, EMAAR,Khatib & Alami,City Expert Group,
P457,,Al Rabat  - Muraqqabat,Shoring Works,Enabling Division,1240392,TRUE,Cancelled,"140,000.00",In Progress,Not Required,25.2674508,55.3200227,Planning@rabatpfc.com,Planning@rabatpfc.com,,Full Package,FALSE,Mr. Jamal Omar Ali Binhaidar,Renders Engineering Consultants,Al Rabat Contracting,
P458,,Sharjah Lake Mosque,Soil Improvement Works,Soil Improvement Division,,TRUE,Completed,"200,500.00",Signed,Approved,25.3175118,55.3601086,Planning@rabatpfc.com,Planning@rabatpfc.com,,Full Package,FALSE, Sharjah Government - Department Of Islamic Affairs, Khatib & Alami - QUAD Design,United Engineering Construction (UNEC),
P459,,Sharjah Lake - Piling,Piling Works,Enabling Division,,TRUE,Completed,"85,000.00",Signed,Approved,25.3175118,55.3601086,Planning@rabatpfc.com,Planning@rabatpfc.com,,Workmanship,FALSE,Sharjah Government - Department Of Islamic Affairs, Khatib & Alami - QUAD Design,United Engineering Construction (UNEC),300.00%
P460,,Orient Crown - C23,Shoring Works,Enabling Division,3323789,TRUE,Completed,"1,075,000.00",Signed,Approved,25.2281984,55.2536332,Planning@rabatpfc.com,Planning@rabatpfc.com,,Full Package,FALSE,Mrs. Shikha Jatin Shah, Orient Crown Architectural Consultant, Orient Crown Architectural Consultant,
P461,,Alta - Marsa Dubai,"Enabling Works, Shoring Works",Enabling Division,3660588,TRUE,Completed,"1,507,110.00",Signed,Approved,25.1445443,55.1926662,Planning@rabatpfc.com,Planning@rabatpfc.com,,Full Package,FALSE,Mr. Saeed Mohd Ahmad Al Tayer,DAR | Design and Architecture Bureau,Alta Real Estate Development  LLC,
P462,,Drydocks - ZLT,Testing Works,Enabling Division,,TRUE,Completed,"131,000.00",Signed,Approved,25.2442967,55.2695526,Planning@rabatpfc.com,Planning@rabatpfc.com,,Full Package,FALSE, Drydocks World,, Drydocks World,
P463,,Emkaan - Wadi Al Safa,Shoring Works,Enabling Division,6454148,TRUE,Completed,"515,900.00",Signed,Approved,25.1019537,55.3137742,Planning@rabatpfc.com,Planning@rabatpfc.com,,Full Package,FALSE,Ms. Zaheera Noor,Emkaan Architecture & Engineering Consultancy, EMKAAN Architecture & Engineering Consultancy,
P464,,G & B- Deyaar Insfrastructure,Infrastructure Works,Infrastructure Division,,TRUE,Upcoming,"1,575,027.00",,Not Required,,,Planning@rabatpfc.com,Planning@rabatpfc.com,,Workmanship,FALSE,DEYAAR,,G & B Contracting LLC.,
P465,,Zabeel - Dubai South,Shoring Works,Enabling Division,AC3-12B,TRUE,Completed,"168,000.00",Signed,Approved,24.8701988,55.172082,Planning@rabatpfc.com,Planning@rabatpfc.com,,Full Package,FALSE,K P M Investment DWC-LLC,Iconic Architectural & Engineering Consultants ,Zabeel Contracting,
P466,F09,A & M F09 ,Shoring Works,Enabling Division,,TRUE,On Going,"3,815,800.00",Signed,Submitted,24.4290874,54.6153502,amr.adel@rabatpfc.com,abdulhamid.bakr@rabatpfc.com,,Workmanship,FALSE, Masdar - A Mubadala Company, Al Reem Engineering Consultancy LLC ," A&M International General Contracting LLC
",200.00%
P466,F10,A & M F10,Shoring Works,Enabling Division,,TRUE,Cancelled,"3,532,500.00",Signed,Pending,24.4290874,54.6153502,Planning@rabatpfc.com,Planning@rabatpfc.com,,Workmanship,FALSE, Masdar - A Mubadala Company, Al Reem Engineering Consultancy LLC ," A&M International General Contracting LLC
",200.00%
P467,,ECC Wadi Al Safa,Shoring Works,Enabling Division,6454148,TRUE,Cancelled,"515,900.00",In Progress,Pending,25.1010137,55.3184939,Planning@rabatpfc.com,Planning@rabatpfc.com,,Full Package,FALSE,Ms. Zaheera Noor,Emkaan Architecture & Engineering Consultancy, EMKAAN Architecture & Engineering Consultancy,
P468,P,Bingahtti - Grove - Piling,Piling Works,Enabling Division,JVC17TCP015 ,TRUE,Completed,"1,052,135.00",Signed,Approved,25.0594537,55.2186087,ahmed.nasr@rabatpfc.com,mohamed.ayman@rabatpfc.com,,Workmanship,FALSE,Binghatti Properties Investment Limited,Silver Stone Engineering Consultants,Granada Europe Consturction LLC,400.00%
P468,S,Bingahtti - Grove - Shoring,Shoring Works,Enabling Division,JVC17TCP015 ,TRUE,Completed,"449,700.00",Signed,Approved,25.0594537,55.2186087,Planning@rabatpfc.com,Planning@rabatpfc.com,,Workmanship,FALSE,Binghatti Properties Investment Limited,Silver Stone Engineering Consultants,Granada Europe Consturction LLC,400.00%
P469,,Al Safa Road Contracting - Pearl Jumeirah,Infrastructure Works,Infrastructure Division,,TRUE,Upcoming,"179,900.00",Signed,Not Required,,,Planning@rabatpfc.com,Planning@rabatpfc.com,,Full Package,FALSE,Dubai Holding Real Estate, Road & Traffic Engineering,Al Safa Road Contracting LLC,
P470,,CAT - ESTIDAMA,Shoring Works,Enabling Division,,TRUE,Completed,0,Signed,Approved,,,Planning@rabatpfc.com,mohamed.ayman@rabatpfc.com,,Workmanship,FALSE,ADNOC Gas ,,C.A.T International LTD,200.00%
P471,,ECC - MBR CITY - DISTRICT - 01,Shoring Works,Enabling Division,3470831,TRUE,Cancelled,"511,450.00",In Progress,Pending,25.166136,55.2827843,Planning@rabatpfc.com,Planning@rabatpfc.com,,Full Package,FALSE,Mr. Shayan Khoshsepehr, Planquadrant Middle East Architects and Engineering ,ECC Fit Out Construction LLC,
P472,,P472 - CPC - Granada Villas,Soil Improvement Works,Soil Improvement Division,601011003,TRUE,Completed,"221,000.00",Signed,Approved,25.723712,55.8642219,Planning@rabatpfc.com,Planning@rabatpfc.com,,Full Package,FALSE, CPC Construction Piling Company,, CPC Construction Piling Company,
P473,,Trilines - Dubai Hills,"Enabling Works, Shoring Works",Enabling Division,6311329,TRUE,Completed,"1,632,000.00",Signed,Approved,25.116059,55.265461,Planning@rabatpfc.com,Planning@rabatpfc.com,,Full Package,FALSE,Mr.Helena Hijazi,CandC Design Studio,Tri Lines Contracting,
P474,,ALPS - Infra,Infrastructure Works,Infrastructure Division,,TRUE,Upcoming,"130,000.00",,Not Required,,,Planning@rabatpfc.com,Planning@rabatpfc.com,,Full Package,FALSE, ALPS MIDDLE EAST TECHNICAL WORKS L.L.C,, ALPS MIDDLE EAST TECHNICAL WORKS L.L.C,
P475,,Block and Block - Dubai Hills,Shoring Works,Enabling Division,63111413,TRUE,Completed,"953,000.00",Signed,Approved,25.128764,55.272457,Planning@rabatpfc.com,Planning@rabatpfc.com,,Full Package,FALSE, Mr. Ok Rye You,Emkaan Architecture & Engineering Consultancy,Block on Block Building Contracting LLC,
P476,,AMEC - Al Wasl,"Enabling Works, Shoring Works, Soil Improvement Works",Enabling Division,3435420,TRUE,Completed,"1,354,620.00",Signed,Approved,25.1969135,55.2554967,Planning@rabatpfc.com,Planning@rabatpfc.com,,Full Package,FALSE,Mr. Nadim Pierre Serge Khouri , Al Manhal Engineering Consultants (AMEC), Al Manhal Engineering Consultants (AMEC),
P477,,SEDE - TRANSCO,Infrastructure Works,Infrastructure Division,,TRUE,Cancelled,"586,600.00",Signed,Not Required,,,Planning@rabatpfc.com,Planning@rabatpfc.com,,Full Package,FALSE, Transco ,Stantec, SOCIETE EGYPTIENNE D'ENTREPRISES,
P478,,Block and Block - Dubai Land,Shoring Works,Enabling Division,6488722,TRUE,On Going,"2,507,000.00",Signed,Submitted,25.095915,55.3764403,mohamed.ashraf@rabatpfc.com,eslam.ali@rabatpfc.com,,Full Package,FALSE,Premier Invest Holdings Limited,SkyLine Consulting Engineers,Block on Block Building Contracting LLC,
P479,,ASAK - Barsha South,Shoring Works,Enabling Division,6816740,TRUE,Completed,"769,600.00",Signed,Approved,25.055599,55.2186893,Planning@rabatpfc.com,Planning@rabatpfc.com,,Full Package,FALSE,Mr. Hibatallah Aiman Jaber,Future Art Engineering Consultancy.,Al Serh Al Kabeer Contracting (ASAK),
P480,,Al Ajmi - Deira Island,"Enabling Works, Shoring Works, Piling Works, Soil Improvement Works",Enabling Division,1010487,TRUE,On Going,"2,980,000.00",Signed,Submitted,25.29219,55.2916726,ahmed.abdelhady@rabatpfc.com,abdulhamid.bakr@rabatpfc.com,,Full Package,FALSE,Mr. Mohanad Hatem Raheema Al Waeli & Mohammed Hatem Raheema Al Waeli,Al Ajmi Engineering Consultants,Al Ajmi Engineering Consultants,
P481,,Binghatti Ivory,Piling Works,Enabling Division,3261707,TRUE,Completed,"1,107,355.00",Signed,Approved,25.2106833,55.3152204,ahmed.nasr@rabatpfc.com,mohamed.ayman@rabatpfc.com,,Workmanship,FALSE,Binghatti Properties Investment Limited,Silver Stone Engineering Consultants,Granada Europe Consturction LLC,400.00%
P482,,Buhaleeba - Al Jadaf,"Enabling Works, Shoring Works, Piling Works",Enabling Division,3262977,TRUE,On Going,"4,925,000.00",Signed,Submitted,25.224842,55.332551,Planning@rabatpfc.com,Planning@rabatpfc.com,,Full Package,FALSE,Mr. Abdulla Ali Hamad Saeed Buhaleeba,Al Ajmi Engineering Consultants, Buhaleeba Contracting,
P483,,Mar Marine - Piling,Piling Works,Enabling Division,-,TRUE,Completed,"722,393.00",Signed,Approved,25.2445428,55.2679013,ahmed.abdelhady@rabatpfc.com,abdulhamid.bakr@rabatpfc.com,,Workmanship,FALSE, Drydocks World,,Mar Marine & Building Contracting,300.00%
P484,,Samana Lake Views,"Enabling Works, Shoring Works",Enabling Division,6854310,TRUE,Completed,"1,660,000.00",Signed,Approved,25.0373134,55.200114,mohamed.hamdy@rabatpfc.com,abdulhamid.bakr@rabatpfc.com,,Full Package,FALSE,Samana Ifl Holding Limited,AREC Engineering Consultant,Samana Developers,
P485,,Samana California II,Soil Improvement Works,Soil Improvement Division,DG-CTLZ-003,TRUE,Completed,"425,000.00",Signed,Approved,25.0375942,55.142411,Planning@rabatpfc.com,Planning@rabatpfc.com,,Full Package,FALSE,Samana Ifl Holding Limited,AREC Engineering Consultant,Samana Developers,
P486,,Innovo - Emirates Hills Villa,Shoring Works,Enabling Division,3940775,TRUE,Completed,"1,460,600.00",Signed,Approved,25.0657502,55.1799477,ahmed.atef@rabatpfc.com,mohamed.ayman@rabatpfc.com,,Full Package,FALSE,Ms. Mariam Emad Azmy ,AMEC,Innovo Build UAE,
P487,, DAMAC - ELO,"Enabling Works, Shoring Works",Enabling Division,91418303,TRUE,Completed,"1,993,709.58",Signed,Approved,24.9835753,55.3918272,Planning@rabatpfc.com,Planning@rabatpfc.com,,Full Package,FALSE,Front Line Investment Management,Eng. Adnan Saffarini Office, DAMAC Properties Co. LLC,
P488,, DAMAC - Evergreens,"Enabling Works, Shoring Works",Enabling Division,91421707,TRUE,Completed,"1,449,320.00",Signed,Approved,24.9831702,55.391099,ahmed.hassan@rabatpfc.com,abdulhamid.bakr@rabatpfc.com,,Full Package,FALSE,Front Line Investment Management,Al Majal Engineering Consultants, DAMAC Properties Co. LLC,
P489,,Al Ajmi - Al Thamara - Al Barsha South Third,"Enabling Works, Shoring Works, Piling Works",Enabling Division,6730126,TRUE,Cancelled,"10,000,000.00",Signed,Pending,25.0678659,55.2463833,Planning@rabatpfc.com,Planning@rabatpfc.com,,Full Package,FALSE,Al Thamara Investment ,Al Ajmi Engineering Consultants,Al Ajmi Engineering Consultants,
P490,,CPC - Major - RAK,Soil Improvement Works,Soil Improvement Division,602035140,TRUE,Completed,"647,744.00",Signed,Approved,25.6906753,55.7351558,Planning@rabatpfc.com,Planning@rabatpfc.com,,Full Package,FALSE,Major Development FZ LLC,Federal Engineering Consultants, CPC Construction Piling Company,
P491,,Zabeel - Dubai Hills,Shoring Works,Enabling Division,6316397,TRUE,Completed,"841,750.00",Signed,Approved,25.114193,55.2589473,Planning@rabatpfc.com,Planning@rabatpfc.com,,Workmanship,FALSE,Mr. Paras Prakash Dhamecha ,Iconic Architectural & Engineering Consultants ,Zabeel Contracting,200.00%
P492,,Binghatti - Pinnacle - Al Jaddaf,Piling Works,Enabling Division,3261697,TRUE,Completed,"851,095.00",Signed,Approved,25.2140201,55.3090039,ahmed.nasr@rabatpfc.com,mohamed.ayman@rabatpfc.com,,Workmanship,FALSE,Binghatti Properties Investment Limited,Silver Stone Engineering Consultants,Granada Europe Consturction LLC,400.00%
P493,,Binghatti - Starlight - Al Jaddaf,Piling Works,Enabling Division,3261719,TRUE,Completed,"1,552,300.00",Signed,Approved,25.2125564,55.3190731,ahmed.nasr@rabatpfc.com,mohamed.ayman@rabatpfc.com,,Workmanship,FALSE,Binghatti Properties Investment Limited,Silver Stone Engineering Consultants,Granada Europe Consturction LLC,400.00%
P494,,AMEC - Umm Suqeim,"Enabling Works, Shoring Works",Enabling Division,3620389,TRUE,Cancelled,"639,300.00",In Progress,Pending,25.158712,55.2073433,Planning@rabatpfc.com,Planning@rabatpfc.com,,Full Package,FALSE,Mr. Samya Mahmoud Ahmed Mohamed Alzarooni, Al Manhal Engineering Consultants (AMEC), Al Manhal Engineering Consultants (AMEC),
P495,,Future Art - Nadd Al Hamar,"Enabling Works, Shoring Works",Enabling Division,4165591,TRUE,Completed,"1,400,000.00",Signed,Approved,25.1894436,55.3787443,mohamed.ashraf@rabatpfc.com,eslam.ali@rabatpfc.com,,Full Package,FALSE,Mr. Khalid Abdulkarim Hussain Al Malik,Future Art Engineering Consultancy.,Future Art Engineering Consultancy.,
P496,,GOC - DEWA - Shoring,Infrastructure Works,Infrastructure Division,,FALSE,Upcoming,"2,000,000.00",In Progress,Not Required,,,Planning@rabatpfc.com,Planning@rabatpfc.com,,Full Package,FALSE,DEWA,DEWA,Green Oasis Contracting L.L.C,
P497,,GUNAL - Metro Blue Line - Shoring,Infrastructure Works,Infrastructure Division,,FALSE,Upcoming,"200,000.00",In Progress,Not Required,25.1273075,55.3120767,Planning@rabatpfc.com,Planning@rabatpfc.com,,Full Package,FALSE,RTA,Parsons & Atkins,Gunal Construction ,
P498,,Dutch - Emaar Marina Views,Soil Improvement Works,Soil Improvement Division,B7.01.02,TRUE,Completed,"1,550,000.00",Signed,Approved,25.2576477,55.276045,mahmoud.omara@rabatpfc.com,mohamed.hamza@rabatpfc.com,,Full Package,FALSE, EMAAR,Dynamic Design Studio,Dutch Foundation & Concrete Processing Co. LLC,
P499,,Al Shamandy - Al Khabaisi,Soil Improvement Works,Soil Improvement Division,1280343,TRUE,Completed,"400,000.00",Signed,Approved,25.2737619,55.3394561,Planning@rabatpfc.com,Planning@rabatpfc.com,,Full Package,FALSE,Al Shamandi Group,Abdul Rahim Architectural Consultants,Al Shamandi Group,
P5001,,Al Saifi - Al Satwa,Shoring Works,Enabling Division,3343014,TRUE,Cancelled,"180,000.00",Signed,Pending,25.2257515,55.272362,Planning@rabatpfc.com,Planning@rabatpfc.com,1/8/2025,Full Package,FALSE,Hibatallah Aiman Jaber,Future Art Engineering Consultancy.,Al Saifi Building Contracting LLC,
P5002,P,Binghatti - Elite - Dubai Production City,Piling Works,Enabling Division,6854339,TRUE,On Going,"3,825,742.00",Signed,Submitted,25.0389254,55.1881355,mahmoud.abbas@rabatpfc.com,mohamed.ayman@rabatpfc.com,1/6/2025,Workmanship,FALSE,Binghatti Properties Investment Limited,Silver Stone Engineering Consultants,Granada Europe Consturction LLC,400.00%
P5002,S,Binghatti - Elite - Dubai Production City,Shoring Works,Enabling Division,6854339,TRUE,Completed,0,Signed,Approved,25.0389254,55.1881355,ahmed.nasr@rabatpfc.com,mohamed.ayman@rabatpfc.com,1/30/2025,Workmanship,FALSE,Binghatti Properties Investment Limited,Silver Stone Engineering Consultants,Granada Europe Consturction LLC,400.00%
P5003,P,Burt Place - Yas Island,Piling Works,Enabling Division,,TRUE,On Going,"2,600,000.00",Signed,Submitted,24.4626302,54.5966395,ahmed.abdelhady@rabatpfc.com,mohamed.ayman@rabatpfc.com,3/28/2025,Workmanship,FALSE,Burtville Developments, Al Shamkha Engineering Consultancy," BurtPlace  General Contracting LLC
",400.00%
P5003,S,Burt Place - Yas Island,Shoring Works,Enabling Division,,TRUE,Completed,"3,775,400.00",Signed,Approved,24.4626302,54.5966395,ahmed.salah@rabatpfc.com,mohamed.ayman@rabatpfc.com,1/12/2025,Workmanship,FALSE,Burtville Developments, Al Shamkha Engineering Consultancy," BurtPlace  General Contracting LLC
",200.00%
P5004,72-P,Shaanxi - Al Yalayis 2nd,Piling Works,Enabling Division,92225775,TRUE,Completed,"4,969,482.00",Signed,Approved,25.0039135,55.28769,mohamed.hosam@rabatpfc.com,abdulhamid.bakr@rabatpfc.com,1/13/2025,Full Package,FALSE, NSHAMA Properties, LACASA,Shaanxi Construction Engineering Group,
P5004,72-S,Shaanxi - Al Yalayis 2nd,Shoring Works,Enabling Division,92225775,TRUE,Completed,"408,000.00",Signed,Approved,25.0039135,55.28769,Planning@rabatpfc.com,Planning@rabatpfc.com,3/29/2025,Full Package,FALSE, NSHAMA Properties, LACASA,Shaanxi Construction Engineering Group,
P5004,73-P,Shaanxi - Al Yalayis 2nd,Piling Works,Enabling Division,92225795,TRUE,Completed,"4,826,068.00",Signed,Approved,25.0039135,55.28769,mohamed.hosam@rabatpfc.com,abdulhamid.bakr@rabatpfc.com,1/13/2025,Full Package,FALSE, NSHAMA Properties, LACASA,Shaanxi Construction Engineering Group,
P5004,73-S,Shaanxi - Al Yalayis 2nd,Shoring Works,Enabling Division,92225795,TRUE,Completed,"408,000.00",Signed,Approved,25.0039135,55.28769,mohamed.hosam@rabatpfc.com,Planning@rabatpfc.com,3/29/2025,Full Package,FALSE, NSHAMA Properties, LACASA,Shaanxi Construction Engineering Group,
P5005,,Urbanita - Dubai Islands,"Enabling Works, Soil Improvement Works",Soil Improvement Division,"DIA-RE-0307/
1010586",TRUE,Completed,"370,000.00",Signed,Approved,25.2972191,55.3169595,Planning@rabatpfc.com,Planning@rabatpfc.com,1/13/2025,Full Package,FALSE,Abdul Karim Suleman Wali Muhammad & Faisal Abdul Razzaq Admani Abdul Razzaq Admani,AREC Engineering Consultant, Urbanita Development,
P5006,,GOC - Palm Jabel Ali,Infrastructure Works,Infrastructure Division,-,FALSE,Upcoming,"500,000.00",Under Preperation,Not Required,,,Planning@rabatpfc.com,Planning@rabatpfc.com,1/6/2025,Full Package,FALSE,,,,
P5007,,Zabeel - Al Nahda,Shoring Works,Enabling Division,2410192,TRUE,Completed,"1,800,000.00",Signed,Approved,25.2897962,55.3709733,ahmed.hassan@rabatpfc.com,mohamed.hosam@rabatpfc.com,1/22/2025,Full Package,FALSE,Mr. Ali Sayed Mohammed Sayed Ibrahim Almoosawi,Bel-yoahah Architectural & Engineering Consultants, Zabeel Contracting LLC,
P5008,S,Al Rayan - Nadd Al Shiba 1st,Shoring Works,Enabling Division,6181304,TRUE,Completed,"540,000.00",Signed,Approved,25.15157,55.2882003,mohamed.ashraf@rabatpfc.com,eslam.ali@rabatpfc.com,2/3/2025,Full Package,FALSE,Mr. Salah Mohamed Amin Abdullah & Mohamed Khaled Daas Al Sharu,Dome Engineering Consultancy, Al Rayan Contracting,
P5008,SI,Al Rayan - Nadd Al Shiba 1st,Soil Improvement Works,Soil Improvement Division,6181304,TRUE,Completed,"460,000.00",Signed,Approved,25.15157,55.2882003,mahmoud.omara@rabatpfc.com,mohamed.hamza@rabatpfc.com,2/3/2025,Full Package,FALSE,Mr. Salah Mohamed Amin Abdullah & Mohamed Khaled Daas Al Sharu,Dome Engineering Consultancy, Al Rayan Contracting,
P5009,,Binghatti - Skyblade - Business Bay,Piling Works,Enabling Division,3450398,TRUE,On Going,"2,077,161.76",Signed,Submitted,25.189466,55.2723137,mahmoud.attia@rabatpfc.com,mohamed.ayman@rabatpfc.com,1/31/2025,Workmanship,FALSE,Binghatti Properties Investment Limited,Silver Stone Engineering Consultants,Granada Europe Consturction LLC,400.00%
P5010,,Kharafi - Pulse Beach Front,Infrastructure Works,Infrastructure Division,-,FALSE,Upcoming,"44,250.00",Signed,Not Required,,,Planning@rabatpfc.com,Planning@rabatpfc.com,2/5/2025,Full Package,FALSE,Dubai South,Khatib & Alami, Mohammed Abdulmohsin Al-Kharafi & Sons,
P5011,,High Beam - Nadd Al Shiba 1st,"Shoring Works, Soil Improvement Works",Enabling Division,6181292,TRUE,Completed,"331,480.00",Signed,Approved,25.1498522,55.2879692,Planning@rabatpfc.com,Planning@rabatpfc.com,2/12/2025,Full Package,FALSE,Mr. Saadi Abdulrahim Hassan Al Rais ,Al Fahidi Consulting Engineers,High Beam Contracting LLC,
P5012,,Palace - B25,Shoring Works,Enabling Division,3323892,TRUE,Completed,"502,000.00",Signed,Approved,25.2308277,55.2549408,mohamed.ashraf@rabatpfc.com,eslam.ali@rabatpfc.com,1/27/2025,Full Package,FALSE," Meraas Estates, M/s Princimare Twenty Five Limited", Al Manhal Engineering Consultants (AMEC),Palace Group LLC,
P5013,,Palace - B33,Shoring Works,Enabling Division,3323901,TRUE,Completed,"416,700.00",Signed,Approved,25.2275786,55.2481071,mohamed.ashraf@rabatpfc.com,eslam.ali@rabatpfc.com,1/28/2025,Full Package,FALSE," Meraas Estates, M/s Princimare Twenty Five Limited", Al Manhal Engineering Consultants (AMEC),Palace Group LLC,
P5014,,Palace - A18,Shoring Works,Enabling Division,3323762,TRUE,Cancelled,"549,000.00",Under Preperation,Pending,25.2255465,55.2471531,Planning@rabatpfc.com,Planning@rabatpfc.com,2/4/2025,Full Package,FALSE,MERAAS Estates, Al Manhal Engineering Consultants (AMEC),Palace Group LLC,
P5015,,Palace - LV54,Shoring Works,Enabling Division,3020413,TRUE,Cancelled,"1,182,500.00",Under Preperation,Submitted,25.2217924,55.2280709,Planning@rabatpfc.com,Planning@rabatpfc.com,2/10/2025,Full Package,FALSE,Jumeirah Bay LLC,Etereo Architecure & Design & Motion,Palace Group LLC,
P5016,,Living Space Design - Jumeirah First,Shoring Works,Enabling Division,3323893,TRUE,Completed,"967,550.00",Signed,Pending,25.227103,55.2509817,mahmoud.almawardi@rabatpfc.com,mahmoud.attia@rabatpfc.com,2/17/2025,Full Package,FALSE,Jean Michel Leonard Bordes," Creative Contemporary Architecural Design Consultancy
"," Creative Contemporary Architecural Design Consultancy
",
P5017,,Designfit - Lamer,"Enabling Works, Shoring Works",Enabling Division,3323845,TRUE,On Going,"700,520.00",Signed,Submitted,25.2261121,55.2506391,mahmoud.almawardi@rabatpfc.com,mahmoud.attia@rabatpfc.com,2/21/2025,Full Package,FALSE,Mr. Ryan Mahoney,Orient Crown Architectural, Designfit,
P5018,,GOC - Pipe Jacking,Infrastructure Works,Infrastructure Division,-,FALSE,Upcoming,"109,300.00",Under Preperation,Not Required,,,Planning@rabatpfc.com,Planning@rabatpfc.com,2/8/2025,Full Package,FALSE,DEWA,,Green Oasis General Contracting,
P5019,, INNOVO - Ghaf Woods Irrigation Pump Station,"Shoring Works, Infrastructure Works",Infrastructure Division,6460142,TRUE,Completed,"2,023,200.00",Signed,Pending,25.1515254,55.2871465,amr.adel@rabatpfc.com,eslam.ali@rabatpfc.com,3/5/2025,Full Package,FALSE, Majid Al Futtaim ,Parsons,Innovo Roads Infrastructure & Marine Works,
P5020,,Delta - Dubai Island,Soil Improvement Works,Soil Improvement Division,1010445,TRUE,Completed,"280,436.00",Signed,Approved,25.2867887,55.2958789,Planning@rabatpfc.com,Planning@rabatpfc.com,3/6/2025,Workmanship,FALSE,Masihullah Imtiaz,Jouzy Consulting Engineers,Delta Foundation Co. LLC,50.00%
P5021,,Walk Thru - Jumeirah First,Shoring Works,Enabling Division,3323820,TRUE,Completed,"215,000.00",Signed,Approved,25.2258736,55.2490982,Planning@rabatpfc.com,Planning@rabatpfc.com,3/7/2025,Full Package,FALSE,Mr. Chingis,NAGA Architects,Walk Thru Contracting ,
P5022,,Mud and Bricks - Nadd Al Shiba 1st,Soil Improvement Works,Soil Improvement Division,6189040,TRUE,Completed,"460,000.00",Signed,Approved,25.1644422,55.3053053,mahmoud.omara@rabatpfc.com,mohamed.hamza@rabatpfc.com,3/12/2025,Full Package,FALSE,Knowledge Fund Establishment,Plural Architecture and Design,Mud and Bricks Contracting Llc,
P5023,,CCECC - RTA Project,Soil Improvement Works,Soil Improvement Division,-,TRUE,On Going,"1,714,000.00",Signed,Submitted,,,mahmoud.omara@rabatpfc.com,mohamed.hamza@rabatpfc.com,3/24/2025,Full Package,FALSE,RTA,AECOM,China Civil Engineering Construction Corporation,
P5024,,Delta - Deira Island 591,Soil Improvement Works,Soil Improvement Division,1010591,TRUE,Completed,"258,900.00",Signed,Approved,25.288652,55.2942235,mahmoud.omara@rabatpfc.com,mohamed.hamza@rabatpfc.com,3/27/2025,Full Package,FALSE,Globe Luxury Island 239 Investments L.L.C,Jouzy Consulting Engineers,Delta Foundation Co. LLC,
P5025,C,ORASCOM - WAVE C2,"Shoring Works, Infrastructure Works",Infrastructure Division,-,TRUE,On Going,"1,638,600.00",Signed,Pending,,,amr.adel@rabatpfc.com,eslam.ali@rabatpfc.com,7/26/2025,Workmanship,FALSE,ADNOC ,ILF Consulting Engineers ,Orascom Construction,45.00%
P5025,D,ORASCOM - WAVE C2,"Shoring Works, Infrastructure Works",Infrastructure Division,-,FALSE,Upcoming,0,In Progress,Pending,,,amr.adel@rabatpfc.com,eslam.ali@rabatpfc.com,8/13/2025,Workmanship,FALSE,ADNOC ,ILF Consulting Engineers ,Orascom Construction,
P5025,E,ORASCOM - WAVE C2,"Shoring Works, Infrastructure Works",Infrastructure Division,-,TRUE,On Going,"1,115,600.00",Signed,Submitted,,,amr.adel@rabatpfc.com,eslam.ali@rabatpfc.com,4/5/2025,Workmanship,FALSE,ADNOC ,ILF Consulting Engineers ,Orascom Construction,45.00%
P5025,H,ORASCOM - WAVE C2,"Shoring Works, Infrastructure Works",Infrastructure Division,-,TRUE,On Going,"801,200.00",Signed,Submitted,,,amr.adel@rabatpfc.com,eslam.ali@rabatpfc.com,4/5/2025,Workmanship,TRUE,ADNOC ,ILF Consulting Engineers ,Orascom Construction,45.00%
P5025,J,ORASCOM - WAVE C2,"Shoring Works, Infrastructure Works",Infrastructure Division,-,TRUE,On Going,"764,400.00",Signed,Submitted,,,amr.adel@rabatpfc.com,eslam.ali@rabatpfc.com,4/5/2025,Workmanship,FALSE,ADNOC ,ILF Consulting Engineers ,Orascom Construction,45.00%
P5025,K,ORASCOM - WAVE C2,"Shoring Works, Infrastructure Works",Infrastructure Division,-,TRUE,On Going,"952,000.00",Signed,Pending,,,amr.adel@rabatpfc.com,eslam.ali@rabatpfc.com,7/26/2025,Workmanship,FALSE,ADNOC ,ILF Consulting Engineers ,Orascom Construction,45.00%
P5025,L,ORASCOM - WAVE C2,"Shoring Works, Infrastructure Works",Infrastructure Division,-,TRUE,Upcoming,"1,009,800.00",Signed,Pending,,,amr.adel@rabatpfc.com,eslam.ali@rabatpfc.com,7/26/2025,Workmanship,FALSE,ADNOC ,ILF Consulting Engineers ,Orascom Construction,45.00%
P5026,,Gulf Co - RAK,Soil Improvement Works,Soil Improvement Division,301014007,TRUE,Completed,"690,000.00",Signed,Not Required,,,mahmoud.omara@rabatpfc.com,mohamed.hamza@rabatpfc.com,4/7/2025,Full Package,FALSE,Emirates Health Services (EHS), Ministry of Energy and infrastructure,Gulf Co for Contracting & General Enterprises,
P5027,,Delta - Deira Island 207,Soil Improvement Works,Soil Improvement Division,1010532,TRUE,Completed,"261,380.00",Signed,Approved,25.286359,55.2986673,mahmoud.omara@rabatpfc.com,mohamed.hamza@rabatpfc.com,4/10/2025,Full Package,FALSE,Globe Unique Island 207 Investments L.L.C,Jouzy Consulting Engineers,Delta Foundation Co. LLC,
P5028,,Delta - Deira Island 257,Soil Improvement Works,Soil Improvement Division,1010334,TRUE,Completed,"374,520.00",Signed,Not Required,25.2991462,55.2955063,mahmoud.omara@rabatpfc.com,mohamed.hamza@rabatpfc.com,4/14/2025,Full Package,FALSE,Grand Circle One Real Estate Development L.L.C,Jouzy Consulting Engineers,Delta Foundation Co. LLC,
P5029,,INNOVO - Ghaf Woods - Drainage Pump Station,"Shoring Works, Infrastructure Works",Infrastructure Division,6460142,TRUE,Upcoming,"1,566,900.00",Signed,Pending,25.1515254,55.2871465,Planning@rabatpfc.com,Planning@rabatpfc.com,4/14/2025,Full Package,FALSE, Majid Al Futtaim ,Parsons,Innovo Roads Infrastructure & Marine Works,
P5030,,Dar Al Hai - Al Twar 1st,Soil Improvement Works,Soil Improvement Division,2260740,TRUE,Completed,"191,000.00",Signed,Approved,25.2726548,55.3545321,mahmoud.omara@rabatpfc.com,mohamed.hamza@rabatpfc.com,4/17/2025,Full Package,FALSE,Dubai Police General Headquarters,Madinati Engineering Consultant,Dar Al Hai Contracting ,
P5031,,Delta - Deira Island 239,Soil Improvement Works,Soil Improvement Division,1010532,TRUE,Completed,"280,644.00",Signed,Approved,25.2865252,55.2986883,mahmoud.omara@rabatpfc.com,mohamed.hamza@rabatpfc.com,4/23/2025,Full Package,FALSE,Globe Luxury Island 239 Investments L.L.C,Jouzy Consulting Engineers,Delta Foundation Co. LLC,
P5032,S,Al Rayan - 304 - Nadd Al Shiba 1st,Shoring Works,Enabling Division,6181304,TRUE,On Hold,"512,250.00",In Progress,Pending,25.1516092,55.2882263,Planning@rabatpfc.com,Planning@rabatpfc.com,4/28/2025,Full Package,FALSE,Mr. Salah Mohd Amin Abdulla & Mohd Khaled Daas Al Share,Dome Engineering Consultancy, Al Rayan Contracting,
P5032,SI,Al Rayan - 304 - Nadd Al Shiba 1st,Soil Improvement Works,Soil Improvement Division,6181304,TRUE,Upcoming,"532,300.00",In Progress,Pending,25.1516092,55.2882263,mahmoud.omara@rabatpfc.com,mohamed.hamza@rabatpfc.com,4/28/2025,Full Package,FALSE,Mr. Salah Mohd Amin Abdulla & Mohd Khaled Daas Al Share,Dome Engineering Consultancy, Al Rayan Contracting,
P5033,,Magnetic Electromechanical - ABU DHABI,Infrastructure Works,Infrastructure Division,-,FALSE,Upcoming,"27,500.00",In Progress,Pending,,,Planning@rabatpfc.com,Planning@rabatpfc.com,4/29/2025,Workmanship,FALSE,PAL Cooling ,Man ArchitecturalConsultant,Magnetic Electromechanical Contracting,
P5034,,DAMAC - ELO 2 & 3,Enabling Works,Enabling Division,91421225,TRUE,Cancelled,"10,654,332.50",Under Preperation,Pending,,,Planning@rabatpfc.com,Planning@rabatpfc.com,,Full Package,FALSE,Front Line Investment Management,Eng. Adnan Saffarini Office, DAMAC Properties Co. LLC,
P5035,,High Beam - Umm Al Sheif,Shoring Works,Enabling Division,3670313,TRUE,Completed,"646,600.00",Signed,Approved,25.1279163,55.1974401,ahmed.atef@rabatpfc.com,eslam.ali@rabatpfc.com,4/30/2025,Full Package,FALSE,Mr. Simin Ahari,Design Center,High Beam Contracting LLC,
P5036,,ECC - Al Wasl,Shoring Works,Enabling Division,3435503,TRUE,On Going,"1,183,100.00",Signed,Pending,25.1952847,55.2567916,mohamed.hamdy@rabatpfc.com,mohamed.ayman@rabatpfc.com,5/29/2025,Full Package,TRUE,Aurora Real Estate Development,Emkaan Architecture & Engineering Consultancy,ECC Fit Out Construction LLC,
P5037,,Delta - Deira Island 247,Soil Improvement Works,Soil Improvement Division,1010540,TRUE,Completed,"257,235.00",Signed,Approved,25.2970362,55.3144723,mahmoud.omara@rabatpfc.com,mohamed.hamza@rabatpfc.com,5/6/2025,Full Package,FALSE,U D S Real Estate L.L.C,Jouzy Consulting Engineers,Delta Foundation Co. LLC,
P5038,,Al Tamayoz - Deira Island,Soil Improvement Works,Soil Improvement Division,1010665,TRUE,Completed,"512,000.00",Signed,Approved,25.3224415,55.3233239,mahmoud.omara@rabatpfc.com,mohamed.hamza@rabatpfc.com,5/6/2025,Full Package,FALSE,Palm 51 SPV Limited,Archgroup Architects Engineering Consultants,Al Tamayoz Contracting Company LLC,
P5039,,Al Saraya - Deira Island,"Enabling Works, Shoring Works, Soil Improvement Works",Enabling Division,1010619,TRUE,On Going,"2,123,000.00",Signed,Submitted,25.3001062,55.3183513,mahmoud.omara@rabatpfc.com,mohamed.hamza@rabatpfc.com,5/8/2025,Full Package,FALSE,BML Investment LLC , Al Saraya Engineering Consultants,BML Investment LLC ,
P5040,,Binghatti - Moonlight,Piling Works,Enabling Division,3260912,TRUE,Upcoming,"1,940,180.00",In Progress,Pending,25.2250889,55.3413783,Planning@rabatpfc.com,Planning@rabatpfc.com,5/8/2025,Workmanship,FALSE,Binghatti Properties Investment Limited,Silver Stone Engineering Consultants,Granada Europe Consturction LLC,400.00%
P5041,,BCI - Al Merkadah,Shoring Works,Enabling Division,3470744,TRUE,Completed,"128,000.00",Signed,Approved,25.1760602,55.2812553,Planning@rabatpfc.com,Planning@rabatpfc.com,5/8/2025,Full Package,FALSE,Mr. Saeed Alizadeh,Image Engineering Consultant, Build Corp Interiors,
P5042,,High Beam - Meydan,"Shoring Works, Soil Improvement Works",Enabling Division,6189877,TRUE,On Going,"925,342.00",Signed,Submitted,25.1581718,55.3100231,mohamed.ashraf@rabatpfc.com,eslam.ali@rabatpfc.com,5/9/2025,Full Package,FALSE,M/s. FAM,M/s. NAGA,High Beam Contracting LLC,
P5044,,Delta - Deira Island 287,Soil Improvement Works,Soil Improvement Division,1010578,TRUE,Completed,"509,420.00",Signed,Approved,25.288503,55.294403,mahmoud.omara@rabatpfc.com,mohamed.hamza@rabatpfc.com,5/14/2025,Full Package,FALSE,U D S Real Estate L.L.C,Al Majal Engineering Consultants,Delta Foundation Co. LLC,
P5045,,Delta - Deira Island 120,Soil Improvement Works,Soil Improvement Division,1010445,TRUE,On Going,"471,850.00",Signed,Not Required,25.2867326,55.2968901,mahmoud.omara@rabatpfc.com,mohamed.hamza@rabatpfc.com,5/14/2025,Full Package,FALSE,Globe Prestige Island 120 Investments L.L.C.,Jouzy Consulting Engineers,Delta Foundation Co. LLC,
P5046,,Vivanti Meteora - Al Barsha South,Soil Improvement Works,Soil Improvement Division,JVC11YMRH400,TRUE,On Going,"1,115,000.00",Signed,Submitted,25.059947,55.209261,mahmoud.omara@rabatpfc.com,mohamed.hamza@rabatpfc.com,5/15/2025,Full Package,FALSE,"M/s. Ahmed Moussa Mohamed Ali Heaba & 
Mohammed Abdulla Almuulla","CVTEC Consulting Engineers
","M/s. Ahmed Moussa Mohamed Ali Heaba & 
Mohammed Abdulla Almuulla",
P5047,,ASAK - Al Khan,Soil Improvement Works,Soil Improvement Division,987 (403 Mulk),TRUE,Completed,"284,400.00",Signed,Submitted,25.3334772,55.3603693,mahmoud.omara@rabatpfc.com,mohamed.hamza@rabatpfc.com,5/26/2025,Full Package,TRUE,Dhayab Bin Ayed Bin Khashan Al Anzi," Arjan Architects
", AL Serh AL Kabeer Construction L.L.C ,
P5048,,Awqaf  - Sharjah Govt - Infra,Infrastructure Works,Infrastructure Division,-,FALSE,Upcoming,"65,860.20",In Progress,Pending,,,Planning@rabatpfc.com,Planning@rabatpfc.com,7/5/2025,Workmanship,FALSE,Government of Sharjah  Department of Islamic Affairs,,,
P5049,,Aztec - Muweilah,Soil Improvement Works,Soil Improvement Division,6135,TRUE,Completed,"220,000.00",Signed,Approved,25.3287072,55.4742641,mahmoud.omara@rabatpfc.com,mohamed.hamza@rabatpfc.com,6/10/2025,Full Package,TRUE,ENOC,Al Burj Engineering Consultants,Aztec Middle East Contracting LLC,
P5050,,Kalleen - Ramhan Island - Abu Dhabi,Marine Works,Marine Division,-,TRUE,On Going,"5,630,000.00",Signed,Approved,24.5323409,54.5159221,ahmed.hammad@rabatpfc.com ,Planning@rabatpfc.com,6/12/2025,Workmanship,TRUE,Ramhan Development LLC,Mirage  ,KALLEEN Civil & Marine Contracting LLC,250.00%
P5051,,Alfa - Al Souq Al Kabeer,Shoring Works,Enabling Division,3120611,TRUE,Cancelled,"250,000.00",In Progress,Pending,25.2624375,55.2944511,Planning@rabatpfc.com,Planning@rabatpfc.com,6/13/2025,Full Package,TRUE,,,,
P5052,,High Beam - Merkadh,Shoring Works,Enabling Division,3470767,TRUE,On Going,"305,000.00",Signed,Submitted,25.1741352,55.2825333,mohamed.ashraf@rabatpfc.com,eslam.ali@rabatpfc.com,6/16/2025,Full Package,TRUE,District One FZ,Plural Architecture and Design,High Beam Contracting LLC,
P5053,,Aztec - Al Barsha South,Piling Works,Enabling Division,6710196,TRUE,Upcoming,"66,000.00",In Progress,Pending,25.0783851,55.2213322,Planning@rabatpfc.com,Planning@rabatpfc.com,6/19/2025,Workmanship,TRUE,Emarat,Al Burj Engineering Consultants,Aztec Middle East Contracting LLC,300.00%
P5054,,Aztec - Nadd Al Shiba ,Soil Improvement Works,Soil Improvement Division,6181340,TRUE,On Going,"357,000.00",Signed,Submitted,25.1587262,55.3149363,mahmoud.omara@rabatpfc.com,mohamed.hamza@rabatpfc.com,6/21/2025,Full Package,TRUE,Mr. Shamlal madathum parambath,Model Engineering Consultants,Aztec Middle East Contracting LLC,
P5055,,Dar Alwed - Al Juraina Sharjah - Infra,Infrastructure Works,Infrastructure Division,-,FALSE,Upcoming,"439,839.00",In Progress,Pending,25.2826566,55.4821566,Planning@rabatpfc.com,Planning@rabatpfc.com,7/5/2025,Workmanship,TRUE,Government of Sharjah  Public Works Department,Jacobs,Dar Alwd Construction L.L.C,
P5056,,Sharjah - Al Qarayen - Infra,Infrastructure Works,Infrastructure Division,-,FALSE,Upcoming,"7,401,609.00",In Progress,Pending,25.2935526,55.4987064,Planning@rabatpfc.com,Planning@rabatpfc.com,7/5/2025,Full Package,TRUE,Sharjah Municipality ,,Sharjah Municipality ,
P5057,,Proline - Al Jadaf,"Shoring Works, Soil Improvement Works",Soil Improvement Division,3261440,TRUE,Upcoming,"900,000.00",In Progress,Pending,25.2136277,55.3276997,Planning@rabatpfc.com,Planning@rabatpfc.com,7/2/2025,Full Package,TRUE,Mr. Hassan Abdulla Ahmed Al Bahri,Proline Engineering Consultants,,
P5058,,Stamn - Al Satwa,"Shoring Works, Soil Improvement Works",Soil Improvement Division,3342944,TRUE,Cancelled,"925,000.00",In Progress,Pending,25.2273724,55.2765658,Planning@rabatpfc.com,Planning@rabatpfc.com,7/3/2025,Full Package,TRUE,Mr. Jian Zhenj,"CVTEC Consulting Engineers
",Stamn Real Estate Development LLC,
P5059,,High Beam - Dubai Hills,Shoring Works,Enabling Division,6316914,TRUE,Completed,"520,000.00",In Progress,Submitted,25.1272011,55.2722157,mohamed.ashraf@rabatpfc.com,eslam.ali@rabatpfc.com,7/10/2025,Full Package,TRUE,Ms. Nikhat Shirin Asgar Ali,Onix Engineering Consultancy,Onix Engineering Consultancy,
P5060,,Paramount - Jumeirah First,Shoring Works,Enabling Division,3323826,TRUE,Upcoming,"424,175.00",In Progress,Pending,25.2261043,55.2487591,Planning@rabatpfc.com,Planning@rabatpfc.com,7/16/2025,Full Package,FALSE,Ouail Douazi ,Emkan architecture + engineering,Paramount International Contracting L.L.C,
P5061,,ASAK - Shuwaihean,Soil Improvement Works,Soil Improvement Division,181/A (MULK 510),TRUE,Upcoming,"451,600.00",In Progress,Pending,,,mahmoud.omara@rabatpfc.com,mohamed.hamza@rabatpfc.com,7/16/2025,Full Package,TRUE,General Authority of Islamic Affair and Endowments ,Rowaad Al Tasmeem Engineering Consultant ,Al Serh Al Kabeer - ASAK,
P5062,,INNOVO - Tie in connection at cluster 5 & 6 Saadiyat Lagoons,Infrastructure Works,Infrastructure Division,-,FALSE,Upcoming,"575,160.00",In Progress,Pending,24.5338447,54.4476809,Planning@rabatpfc.com,Planning@rabatpfc.com,7/21/2025,Full Package,TRUE,Aldar,Parsons,Innovo Build UAE,
P5063,,ARK - Sharjah,Soil Improvement Works,Soil Improvement Division, 17328 (Mulk 15/164),TRUE,On Going,"315,000.00",In Progress,Pending,,,mahmoud.omara@rabatpfc.com,mohamed.hamza@rabatpfc.com,7/21/2025,Full Package,TRUE,Mr. Imad Samir Boutrous Semaan,ARK Engineering Consultant,Mr. Imad Samir Boutrous Semaan,
P5064,,Al Tamayoz - Deira Island 1012,Soil Improvement Works,Soil Improvement Division,1010666 (DIB-WE-1012),TRUE,Upcoming,"624,000.00",In Progress,Pending,25.3226463,55.3236374,mahmoud.omara@rabatpfc.com,mohamed.hamza@rabatpfc.com,7/25/2025,Full Package,TRUE,Mr.Ibrahim Hussain Ali Fardan Al Fardan,Global Engineering Consultants,Al Tamayoz Contracting Co L.L.C.,
P5065,,High Beam - Merkadh - Faridoon,Shoring Works,Enabling Division,3470759,TRUE,Completed,"239,150.00",Signed,Approved,25.175501,55.2818489,Planning@rabatpfc.com,Planning@rabatpfc.com,8/12/2025,Full Package,TRUE,Mr. Faridoon Khan,Onix Engineering Consultancy,High Beam Contracting LLC,
P5066,I1,DAMAC - Riverside Indigo 1,"Enabling Works, Piling Works",Enabling Division,5971220,FALSE,On Going,"12,439,950.00",In Progress,Pending,24.9789995,55.2250364,Planning@rabatpfc.com,Planning@rabatpfc.com,,Full Package,TRUE,Damac MRY Investment,Gulf Engineering & Consultants,Island Oasis Properties LLC,
P5066,I2,DAMAC - Riverside Indigo 2,"Enabling Works, Piling Works",Enabling Division,5971220,FALSE,On Going,"10,580,398.00",In Progress,Pending,24.9789995,55.2250364,Planning@rabatpfc.com,Planning@rabatpfc.com,,Full Package,TRUE,Damac MRY Investment,Gulf Engineering & Consultants,Island Oasis Properties LLC,
P5066,R1,DAMAC - Riverside Royal 1,"Enabling Works, Piling Works",Enabling Division,5971220,FALSE,On Going,"8,073,714.00",In Progress,Pending,24.9789995,55.2250364,Planning@rabatpfc.com,Planning@rabatpfc.com,,Full Package,TRUE,Damac MRY Investment,Gulf Engineering & Consultants,Island Oasis Properties LLC,
P5066,R2,DAMAC - Riverside Royal 2,"Enabling Works, Piling Works",Enabling Division,5971220,FALSE,On Going,"8,192,586.00",In Progress,Pending,24.9789995,55.2250364,Planning@rabatpfc.com,Planning@rabatpfc.com,,Full Package,TRUE,Damac MRY Investment,Gulf Engineering & Consultants,Island Oasis Properties LLC,
P5066,R3,DAMAC - Riverside Royal 3,"Enabling Works, Piling Works",Enabling Division,5971220,FALSE,On Going,"7,577,824.50",In Progress,Pending,24.9789995,55.2250364,Planning@rabatpfc.com,Planning@rabatpfc.com,,Full Package,TRUE,Damac MRY Investment,Gulf Engineering & Consultants,Island Oasis Properties LLC,
P5066,R4,DAMAC - Riverside Royal 4,"Enabling Works, Piling Works",Enabling Division,5971220,FALSE,On Going,"7,330,947.00",In Progress,Pending,24.9789995,55.2250364,Planning@rabatpfc.com,Planning@rabatpfc.com,,Full Package,TRUE,Damac MRY Investment,Gulf Engineering & Consultants,Island Oasis Properties LLC,
P5067,,Al Wathba - Al Mamzar  - Sharjah,"Piling Works, Shoring Works",Enabling Division,-,FALSE,Upcoming,"8,025,766.00",In Progress,Pending,25.313092,55.3621969,Planning@rabatpfc.com,Planning@rabatpfc.com,8/19/2025,Full Package,FALSE,Al Batha Real Estate,Cubic  Engineering Consultancy,AL WATHBA Building Cont. Co.,
P5068,,CPC - Sheraton - RAK,Soil Improvement Works,Soil Improvement Division,602035199,TRUE,On Going,"747,156.50",Signed,Pending,25.679801,55.7396542,mahmoud.omara@rabatpfc.com,mohamed.hamza@rabatpfc.com,8/19/2025,Full Package,FALSE,Rakhat Properties L.L.C,Federal Engineering Consultants, CPC Construction Piling Company,
P5069,,Projection - Wadi Al Safa 3,Shoring Works,Enabling Division,6456293,TRUE,Upcoming,"500,000.00",In Progress,Pending,25.1020431,55.304923,Planning@rabatpfc.com,Planning@rabatpfc.com,8/19/2025,Full Package,TRUE,Mr. Gilles Morihain and Ms. Eloise Koum,Emkaan Architecture Engineering,Projection Building Contracting LLC,
P5070,,Shapoorji Pallonji - Palm Jumeirah,Soil Improvement Works,Soil Improvement Division,PJGW01 ,TRUE,Upcoming,"1,159,167.00",In Progress,Pending,25.1019625,55.1511599,mahmoud.omara@rabatpfc.com,mohamed.hamza@rabatpfc.com,8/22/2025,Full Package,FALSE,Palm Jumeirah Co LLC - Nakheel,Atkins,Shapoorji Pallonji,
P5071,,Orient Crown - Lamer - Zahedi Villa,"Enabling Works, Shoring Works",Enabling Division,3020154,TRUE,Upcoming,"911,600.00",In Progress,Pending,25.2272949,55.2475064,Planning@rabatpfc.com,Planning@rabatpfc.com,8/25/2025,Full Package,FALSE,Mr. Saeed Zahedinasab,Orient Crown Architectural,Orient Crown Architectural,
P5072,,Binghatti - Flare A - JVC,Piling Works,Enabling Division,6848899,TRUE,Upcoming,"4,242,080.00",In Progress,Pending,25.0373506,55.1743897,Planning@rabatpfc.com,Planning@rabatpfc.com,8/27/2025,Workmanship,TRUE,Binghatti Properties Investment Limited,Silver Stone Engineering Consultants,Granada Europe Consturction LLC,
P5073,,Nshama - Business Bay,"Enabling Works, Shoring Works, Piling Works",Enabling Division,3450188/3450186,FALSE,Upcoming,"16,500,893.00",In Progress,Pending,25.19603,55.1743897,mohamed.ashraf@rabatpfc.com,mohamed.ayman@rabatpfc.com,9/2/2025,Workmanship,FALSE, NSHAMA Properties,AE7, NSHAMA Properties,
P5074,Building A, ECC - Al Hebiah 2,Shoring Works,Enabling Division,6757725,FALSE,Upcoming,"3,907,900.00",In Progress,Pending,25.0413687,55.2491782,mohamed.ashraf@rabatpfc.com,eslam.Ali@rabatpfc.com,,Full Package,FALSE, Vishwamitra,Emkaan Architecture & Engineering Consultancy, ECC Fit Out Construction LLC ,
P5075,,Al Rehab - ASCS Layyah - Sharjah,Soil Improvement Works,Soil Improvement Division,23,FALSE,On Going,"1,450,000.00",In Progress,Submitted,25.1019625,55.1511599,mahmoud.omara@rabatpfc.com,mohamed.hamza@rabatpfc.com,,Full Package,TRUE,"Bukhatir Investment Limited","ATI Consultants, Architects, Engineers", Al Rehab Building Contracting ,
P5076,,Venus - Jumeirah,Shoring Works,Enabling Division,3322899,FALSE,Upcoming,"180,000.00",In Progress,Pending,25.227125,55.251097,,mohamed.ayman@rabatpfc.com,,Full Package,TRUE,Venus Constractions L.L.C,Architect Consultnt Engineer,Venus Constractions L.L.C,
P5077,,Allied- Al Satwa,"Shoring Works, Soil Improvement Works",Enabling Division,3347648,FALSE,Upcoming,"972,220.00",In Progress,Pending,25.222915,55.276034,mahmoud.omara@rabatpfc.com,mohamed.hamza@rabatpfc.com,,Full Package,TRUE,Generation Investment Company L.L.C,Abdul Rahim Architectural Consultants,Alliedtech Contracting LLC,
P5078,,CAT - DPE - MARGHAM,Shoring Works,Infrastructure Division, PX38 ,FALSE,Upcoming,"761,546.00",In Progress,Pending,25.1019625,55.1511599,Planning@rabatpfc.com,Planning@rabatpfc.com,,Workmanship,FALSE,Dubai Petroleum ,Kent International Arabia LTD, C.A.T. Group,
P5079,,CPC - Soleva,Soil Improvement Works,Soil Improvement Division,602035123,FALSE,Upcoming,"346,750.00",In Progress,Pending,25.3226463,55.3236374,mahmoud.omara@rabatpfc.com,mohamed.hamza@rabatpfc.com,,Full Package,FALSE,Al Huzaifa Properties Fz-LLc,Winner Holistic Consultants, CPC Construction Piling Company,
P5080,,Abu Dhabi Cycle Track,Marine Works,Marine Division,-,FALSE,Upcoming,"11,075,750.00",In Progress,Pending,-,-,mahmoud.eldesouky@rabatpfc.com,ahmed.hammad@rabatpfc.com,,Workmanship,TRUE,Aldar Properties,Parsons,Western Bainoona Group,
P5081,,High Beam - Lamer,Shoring Works,Enabling Division,3323867,FALSE,Upcoming,"1,075,000.00",In Progress,Pending,25.227562,55.251134,mohamed.ashraf@rabatpfc.com,eslam.Ali@rabatpfc.com,,Full Package,TRUE,Mohammed Emadur Rahman,IMPERIUM Group,High Beam Contracting LLC,
P5082,,Dar Al Wed,Infrastructure Works,Infrastructure Division,302-187,FALSE,Upcoming,"1,035,360.00",In Progress,Pending,-,-,Planning@rabatpfc.com,Planning@rabatpfc.com,,Workmanship,FALSE,Government of Sharjah  Public Works Department,Jacobs,DAR AL WD Construction L.L.C,
P5083,,CPC - Hive - RAK,Infrastructure Works,Infrastructure Division,7-5B,FALSE,Upcoming,"494,710.00",In Progress,Pending,-,-,mohamed.ashraf@rabatpfc.com,eslam.Ali@rabatpfc.com,,Full Package,FALSE,RAK PROPERTIES,AECOM,CPC Construction Piling Company,
P5074,Building B, ECC - Al Hebiah 2,Shoring Works,Enabling Division,6750301,FALSE,Upcoming,"3,192,450.00",In Progress,Pending,25.0413687,55.2491782,mohamed.ashraf@rabatpfc.com,eslam.Ali@rabatpfc.com,,Full Package,FALSE, Vishwamitra,Emkaan Architecture & Engineering Consultancy, ECC Fit Out Construction LLC ,
